{
 "type": "FeatureCollection",
 "metadata": {
  "note": "Capitals and major cities worldwide. `z` is the zoom at which the label appears."
 },
 "features": [
  {
   "type": "Feature",
   "properties": {
    "name": "Ottawa",
    "kind": "capital",
    "country": "Canada",
    "pop": 1145000,
    "z": 2.2
   },
   "geometry": {
    "type": "Point",
    "coordinates": [
     -75.702,
     45.4186
    ]
   }
  },
  {
   "type": "Feature",
   "properties": {
    "name": "Caracas",
    "kind": "capital",
    "country": "Venezuela",
    "pop": 2985000,
    "z": 2.2
   },
   "geometry": {
    "type": "Point",
    "coordinates": [
     -66.919,
     10.5029
    ]
   }
  },
  {
   "type": "Feature",
   "properties": {
    "name": "Madrid",
    "kind": "capital",
    "country": "Spain",
    "pop": 5567000,
    "z": 2.2
   },
   "geometry": {
    "type": "Point",
    "coordinates": [
     -3.6853,
     40.402
    ]
   }
  },
  {
   "type": "Feature",
   "properties": {
    "name": "Stockholm",
    "kind": "capital",
    "country": "Sweden",
    "pop": 1264000,
    "z": 2.2
   },
   "geometry": {
    "type": "Point",
    "coordinates": [
     18.0954,
     59.3527
    ]
   }
  },
  {
   "type": "Feature",
   "properties": {
    "name": "Bangkok",
    "kind": "capital",
    "country": "Thailand",
    "pop": 6704000,
    "z": 2.2
   },
   "geometry": {
    "type": "Point",
    "coordinates": [
     100.5147,
     13.7519
    ]
   }
  },
  {
   "type": "Feature",
   "properties": {
    "name": "Lima",
    "kind": "capital",
    "country": "Peru",
    "pop": 8012000,
    "z": 2.2
   },
   "geometry": {
    "type": "Point",
    "coordinates": [
     -77.052,
     -12.0461
    ]
   }
  },
  {
   "type": "Feature",
   "properties": {
    "name": "Dakar",
    "kind": "capital",
    "country": "Senegal",
    "pop": 2604000,
    "z": 2.2
   },
   "geometry": {
    "type": "Point",
    "coordinates": [
     -17.4751,
     14.7178
    ]
   }
  },
  {
   "type": "Feature",
   "properties": {
    "name": "Johannesburg",
    "kind": "capital",
    "country": "South Africa",
    "pop": 3435000,
    "z": 2.2
   },
   "geometry": {
    "type": "Point",
    "coordinates": [
     28.0281,
     -26.1681
    ]
   }
  },
  {
   "type": "Feature",
   "properties": {
    "name": "Seoul",
    "kind": "capital",
    "country": "South Korea",
    "pop": 9796000,
    "z": 2.2
   },
   "geometry": {
    "type": "Point",
    "coordinates": [
     126.9978,
     37.5683
    ]
   }
  },
  {
   "type": "Feature",
   "properties": {
    "name": "Manila",
    "kind": "capital",
    "country": "Philippines",
    "pop": 11100000,
    "z": 2.2
   },
   "geometry": {
    "type": "Point",
    "coordinates": [
     120.9803,
     14.6061
    ]
   }
  },
  {
   "type": "Feature",
   "properties": {
    "name": "Berlin",
    "kind": "capital",
    "country": "Germany",
    "pop": 3406000,
    "z": 2.2
   },
   "geometry": {
    "type": "Point",
    "coordinates": [
     13.3996,
     52.5238
    ]
   }
  },
  {
   "type": "Feature",
   "properties": {
    "name": "Kinshasa",
    "kind": "capital",
    "country": "Congo (Kinshasa)",
    "pop": 7843000,
    "z": 2.2
   },
   "geometry": {
    "type": "Point",
    "coordinates": [
     15.313,
     -4.3278
    ]
   }
  },
  {
   "type": "Feature",
   "properties": {
    "name": "New Delhi",
    "kind": "capital",
    "country": "India",
    "pop": 317797,
    "z": 2.2
   },
   "geometry": {
    "type": "Point",
    "coordinates": [
     77.2,
     28.6
    ]
   }
  },
  {
   "type": "Feature",
   "properties": {
    "name": "Addis Ababa",
    "kind": "capital",
    "country": "Ethiopia",
    "pop": 3100000,
    "z": 2.2
   },
   "geometry": {
    "type": "Point",
    "coordinates": [
     38.6981,
     9.0353
    ]
   }
  },
  {
   "type": "Feature",
   "properties": {
    "name": "Tehran",
    "kind": "capital",
    "country": "Iran",
    "pop": 7873000,
    "z": 2.2
   },
   "geometry": {
    "type": "Point",
    "coordinates": [
     51.4224,
     35.6739
    ]
   }
  },
  {
   "type": "Feature",
   "properties": {
    "name": "Buenos Aires",
    "kind": "capital",
    "country": "Argentina",
    "pop": 12795000,
    "z": 2.2
   },
   "geometry": {
    "type": "Point",
    "coordinates": [
     -58.3995,
     -34.6006
    ]
   }
  },
  {
   "type": "Feature",
   "properties": {
    "name": "Washington,  D.C.",
    "kind": "capital",
    "country": "United States of America",
    "pop": 4338000,
    "z": 2.2
   },
   "geometry": {
    "type": "Point",
    "coordinates": [
     -77.0114,
     38.9015
    ]
   }
  },
  {
   "type": "Feature",
   "properties": {
    "name": "London",
    "kind": "capital",
    "country": "United Kingdom",
    "pop": 8567000,
    "z": 2.2
   },
   "geometry": {
    "type": "Point",
    "coordinates": [
     -0.1187,
     51.5019
    ]
   }
  },
  {
   "type": "Feature",
   "properties": {
    "name": "Cape Town",
    "kind": "capital",
    "country": "South Africa",
    "pop": 3215000,
    "z": 2.2
   },
   "geometry": {
    "type": "Point",
    "coordinates": [
     18.433,
     -33.9181
    ]
   }
  },
  {
   "type": "Feature",
   "properties": {
    "name": "Moscow",
    "kind": "capital",
    "country": "Russia",
    "pop": 10452000,
    "z": 2.2
   },
   "geometry": {
    "type": "Point",
    "coordinates": [
     37.6136,
     55.7541
    ]
   }
  },
  {
   "type": "Feature",
   "properties": {
    "name": "Mexico City",
    "kind": "capital",
    "country": "Mexico",
    "pop": 19028000,
    "z": 2.2
   },
   "geometry": {
    "type": "Point",
    "coordinates": [
     -99.1329,
     19.4444
    ]
   }
  },
  {
   "type": "Feature",
   "properties": {
    "name": "Lagos",
    "kind": "capital",
    "country": "Nigeria",
    "pop": 9466000,
    "z": 2.2
   },
   "geometry": {
    "type": "Point",
    "coordinates": [
     3.3896,
     6.4452
    ]
   }
  },
  {
   "type": "Feature",
   "properties": {
    "name": "Rome",
    "kind": "capital",
    "country": "Italy",
    "pop": 3339000,
    "z": 2.2
   },
   "geometry": {
    "type": "Point",
    "coordinates": [
     12.4813,
     41.8979
    ]
   }
  },
  {
   "type": "Feature",
   "properties": {
    "name": "Beijing",
    "kind": "capital",
    "country": "China",
    "pop": 11106000,
    "z": 2.2
   },
   "geometry": {
    "type": "Point",
    "coordinates": [
     116.3863,
     39.9308
    ]
   }
  },
  {
   "type": "Feature",
   "properties": {
    "name": "Nairobi",
    "kind": "capital",
    "country": "Kenya",
    "pop": 3010000,
    "z": 2.2
   },
   "geometry": {
    "type": "Point",
    "coordinates": [
     36.8147,
     -1.2814
    ]
   }
  },
  {
   "type": "Feature",
   "properties": {
    "name": "Jakarta",
    "kind": "capital",
    "country": "Indonesia",
    "pop": 9125000,
    "z": 2.2
   },
   "geometry": {
    "type": "Point",
    "coordinates": [
     106.8275,
     -6.1725
    ]
   }
  },
  {
   "type": "Feature",
   "properties": {
    "name": "Bogota",
    "kind": "capital",
    "country": "Colombia",
    "pop": 7772000,
    "z": 2.2
   },
   "geometry": {
    "type": "Point",
    "coordinates": [
     -74.0853,
     4.5984
    ]
   }
  },
  {
   "type": "Feature",
   "properties": {
    "name": "Cairo",
    "kind": "capital",
    "country": "Egypt",
    "pop": 11893000,
    "z": 2.2
   },
   "geometry": {
    "type": "Point",
    "coordinates": [
     31.248,
     30.0519
    ]
   }
  },
  {
   "type": "Feature",
   "properties": {
    "name": "Tokyo",
    "kind": "capital",
    "country": "Japan",
    "pop": 35676000,
    "z": 2.2
   },
   "geometry": {
    "type": "Point",
    "coordinates": [
     139.7495,
     35.687
    ]
   }
  },
  {
   "type": "Feature",
   "properties": {
    "name": "Paris",
    "kind": "capital",
    "country": "France",
    "pop": 9904000,
    "z": 2.2
   },
   "geometry": {
    "type": "Point",
    "coordinates": [
     2.3314,
     48.8686
    ]
   }
  },
  {
   "type": "Feature",
   "properties": {
    "name": "Santiago",
    "kind": "capital",
    "country": "Chile",
    "pop": 5720000,
    "z": 2.2
   },
   "geometry": {
    "type": "Point",
    "coordinates": [
     -70.669,
     -33.4481
    ]
   }
  },
  {
   "type": "Feature",
   "properties": {
    "name": "Singapore",
    "kind": "capital",
    "country": "Singapore",
    "pop": 5183700,
    "z": 2.2
   },
   "geometry": {
    "type": "Point",
    "coordinates": [
     103.8539,
     1.295
    ]
   }
  },
  {
   "type": "Feature",
   "properties": {
    "name": "Reykjavík",
    "kind": "capital",
    "country": "Iceland",
    "pop": 166212,
    "z": 2.5
   },
   "geometry": {
    "type": "Point",
    "coordinates": [
     -21.95,
     64.15
    ]
   }
  },
  {
   "type": "Feature",
   "properties": {
    "name": "Jerusalem",
    "kind": "capital",
    "country": "Israel",
    "pop": 1029300,
    "z": 2.5
   },
   "geometry": {
    "type": "Point",
    "coordinates": [
     35.2066,
     31.7784
    ]
   }
  },
  {
   "type": "Feature",
   "properties": {
    "name": "Brasília",
    "kind": "capital",
    "country": "Brazil",
    "pop": 3716996,
    "z": 2.5
   },
   "geometry": {
    "type": "Point",
    "coordinates": [
     -47.918,
     -15.7814
    ]
   }
  },
  {
   "type": "Feature",
   "properties": {
    "name": "Kyiv",
    "kind": "capital",
    "country": "Ukraine",
    "pop": 2709000,
    "z": 2.5
   },
   "geometry": {
    "type": "Point",
    "coordinates": [
     30.5147,
     50.4353
    ]
   }
  },
  {
   "type": "Feature",
   "properties": {
    "name": "Tashkent",
    "kind": "capital",
    "country": "Uzbekistan",
    "pop": 2184000,
    "z": 2.5
   },
   "geometry": {
    "type": "Point",
    "coordinates": [
     69.293,
     41.3136
    ]
   }
  },
  {
   "type": "Feature",
   "properties": {
    "name": "Amsterdam",
    "kind": "capital",
    "country": "Netherlands",
    "pop": 1031000,
    "z": 2.5
   },
   "geometry": {
    "type": "Point",
    "coordinates": [
     4.9147,
     52.3519
    ]
   }
  },
  {
   "type": "Feature",
   "properties": {
    "name": "Athens",
    "kind": "capital",
    "country": "Greece",
    "pop": 3242000,
    "z": 2.5
   },
   "geometry": {
    "type": "Point",
    "coordinates": [
     23.7314,
     37.9853
    ]
   }
  },
  {
   "type": "Feature",
   "properties": {
    "name": "Baghdad",
    "kind": "capital",
    "country": "Iraq",
    "pop": 5054000,
    "z": 2.5
   },
   "geometry": {
    "type": "Point",
    "coordinates": [
     44.3919,
     33.3406
    ]
   }
  },
  {
   "type": "Feature",
   "properties": {
    "name": "Kabul",
    "kind": "capital",
    "country": "Afghanistan",
    "pop": 3277000,
    "z": 2.5
   },
   "geometry": {
    "type": "Point",
    "coordinates": [
     69.1813,
     34.5186
    ]
   }
  },
  {
   "type": "Feature",
   "properties": {
    "name": "Vienna",
    "kind": "capital",
    "country": "Austria",
    "pop": 2400000,
    "z": 2.5
   },
   "geometry": {
    "type": "Point",
    "coordinates": [
     16.3647,
     48.202
    ]
   }
  },
  {
   "type": "Feature",
   "properties": {
    "name": "Taipei",
    "kind": "capital",
    "country": "Taiwan",
    "pop": 6900273,
    "z": 2.5
   },
   "geometry": {
    "type": "Point",
    "coordinates": [
     121.5683,
     25.0358
    ]
   }
  },
  {
   "type": "Feature",
   "properties": {
    "name": "Riyadh",
    "kind": "capital",
    "country": "Saudi Arabia",
    "pop": 4465000,
    "z": 2.5
   },
   "geometry": {
    "type": "Point",
    "coordinates": [
     46.7708,
     24.6428
    ]
   }
  },
  {
   "type": "Feature",
   "properties": {
    "name": "Montevideo",
    "kind": "capital",
    "country": "Uruguay",
    "pop": 1513000,
    "z": 2.8
   },
   "geometry": {
    "type": "Point",
    "coordinates": [
     -56.173,
     -34.8561
    ]
   }
  },
  {
   "type": "Feature",
   "properties": {
    "name": "Lusaka",
    "kind": "capital",
    "country": "Zambia",
    "pop": 1328000,
    "z": 2.8
   },
   "geometry": {
    "type": "Point",
    "coordinates": [
     28.2814,
     -15.4147
    ]
   }
  },
  {
   "type": "Feature",
   "properties": {
    "name": "Harare",
    "kind": "capital",
    "country": "Zimbabwe",
    "pop": 1572000,
    "z": 2.8
   },
   "geometry": {
    "type": "Point",
    "coordinates": [
     31.0428,
     -17.8158
    ]
   }
  },
  {
   "type": "Feature",
   "properties": {
    "name": "Port Vila",
    "kind": "capital",
    "country": "Vanuatu",
    "pop": 44040,
    "z": 2.8
   },
   "geometry": {
    "type": "Point",
    "coordinates": [
     168.3166,
     -17.7334
    ]
   }
  },
  {
   "type": "Feature",
   "properties": {
    "name": "Georgetown",
    "kind": "capital",
    "country": "Guyana",
    "pop": 264350,
    "z": 2.8
   },
   "geometry": {
    "type": "Point",
    "coordinates": [
     -58.167,
     6.802
    ]
   }
  },
  {
   "type": "Feature",
   "properties": {
    "name": "Asunción",
    "kind": "capital",
    "country": "Paraguay",
    "pop": 1870000,
    "z": 2.8
   },
   "geometry": {
    "type": "Point",
    "coordinates": [
     -57.6435,
     -25.2945
    ]
   }
  },
  {
   "type": "Feature",
   "properties": {
    "name": "Port Moresby",
    "kind": "capital",
    "country": "Papua New Guinea",
    "pop": 283733,
    "z": 2.8
   },
   "geometry": {
    "type": "Point",
    "coordinates": [
     147.1925,
     -9.4647
    ]
   }
  },
  {
   "type": "Feature",
   "properties": {
    "name": "Mogadishu",
    "kind": "capital",
    "country": "Somalia",
    "pop": 1100000,
    "z": 2.8
   },
   "geometry": {
    "type": "Point",
    "coordinates": [
     45.3647,
     2.0686
    ]
   }
  },
  {
   "type": "Feature",
   "properties": {
    "name": "Ulaanbaatar",
    "kind": "capital",
    "country": "Mongolia",
    "pop": 885000,
    "z": 2.8
   },
   "geometry": {
    "type": "Point",
    "coordinates": [
     106.9147,
     47.9186
    ]
   }
  },
  {
   "type": "Feature",
   "properties": {
    "name": "Abuja",
    "kind": "capital",
    "country": "Nigeria",
    "pop": 1576000,
    "z": 2.8
   },
   "geometry": {
    "type": "Point",
    "coordinates": [
     7.5314,
     9.0853
    ]
   }
  },
  {
   "type": "Feature",
   "properties": {
    "name": "Riga",
    "kind": "capital",
    "country": "Latvia",
    "pop": 742572,
    "z": 2.8
   },
   "geometry": {
    "type": "Point",
    "coordinates": [
     24.1,
     56.95
    ]
   }
  },
  {
   "type": "Feature",
   "properties": {
    "name": "Quito",
    "kind": "capital",
    "country": "Ecuador",
    "pop": 1701000,
    "z": 2.8
   },
   "geometry": {
    "type": "Point",
    "coordinates": [
     -78.502,
     -0.213
    ]
   }
  },
  {
   "type": "Feature",
   "properties": {
    "name": "Bamako",
    "kind": "capital",
    "country": "Mali",
    "pop": 1494000,
    "z": 2.8
   },
   "geometry": {
    "type": "Point",
    "coordinates": [
     -8.002,
     12.652
    ]
   }
  },
  {
   "type": "Feature",
   "properties": {
    "name": "Nur-Sultan",
    "kind": "capital",
    "country": "Kazakhstan",
    "pop": 345604,
    "z": 2.8
   },
   "geometry": {
    "type": "Point",
    "coordinates": [
     71.4278,
     51.1811
    ]
   }
  },
  {
   "type": "Feature",
   "properties": {
    "name": "La Paz",
    "kind": "capital",
    "country": "Bolivia",
    "pop": 1590000,
    "z": 2.8
   },
   "geometry": {
    "type": "Point",
    "coordinates": [
     -68.1519,
     -16.496
    ]
   }
  },
  {
   "type": "Feature",
   "properties": {
    "name": "Canberra",
    "kind": "capital",
    "country": "Australia",
    "pop": 327700,
    "z": 2.8
   },
   "geometry": {
    "type": "Point",
    "coordinates": [
     149.129,
     -35.283
    ]
   }
  },
  {
   "type": "Feature",
   "properties": {
    "name": "Wellington",
    "kind": "capital",
    "country": "New Zealand",
    "pop": 393400,
    "z": 2.8
   },
   "geometry": {
    "type": "Point",
    "coordinates": [
     174.7833,
     -41.3
    ]
   }
  },
  {
   "type": "Feature",
   "properties": {
    "name": "Hanoi",
    "kind": "capital",
    "country": "Vietnam",
    "pop": 4378000,
    "z": 2.8
   },
   "geometry": {
    "type": "Point",
    "coordinates": [
     105.8481,
     21.0353
    ]
   }
  },
  {
   "type": "Feature",
   "properties": {
    "name": "Ankara",
    "kind": "capital",
    "country": "Turkey",
    "pop": 3716000,
    "z": 2.8
   },
   "geometry": {
    "type": "Point",
    "coordinates": [
     32.8624,
     39.9292
    ]
   }
  },
  {
   "type": "Feature",
   "properties": {
    "name": "Sanaa",
    "kind": "capital",
    "country": "Yemen",
    "pop": 2008000,
    "z": 2.8
   },
   "geometry": {
    "type": "Point",
    "coordinates": [
     44.2046,
     15.3567
    ]
   }
  },
  {
   "type": "Feature",
   "properties": {
    "name": "Bucharest",
    "kind": "capital",
    "country": "Romania",
    "pop": 1942000,
    "z": 2.8
   },
   "geometry": {
    "type": "Point",
    "coordinates": [
     26.098,
     44.4353
    ]
   }
  },
  {
   "type": "Feature",
   "properties": {
    "name": "Lisbon",
    "kind": "capital",
    "country": "Portugal",
    "pop": 2812000,
    "z": 2.8
   },
   "geometry": {
    "type": "Point",
    "coordinates": [
     -9.1468,
     38.7247
    ]
   }
  },
  {
   "type": "Feature",
   "properties": {
    "name": "Khartoum",
    "kind": "capital",
    "country": "Sudan",
    "pop": 4754000,
    "z": 2.8
   },
   "geometry": {
    "type": "Point",
    "coordinates": [
     32.5322,
     15.59
    ]
   }
  },
  {
   "type": "Feature",
   "properties": {
    "name": "Oslo",
    "kind": "capital",
    "country": "Norway",
    "pop": 835000,
    "z": 2.8
   },
   "geometry": {
    "type": "Point",
    "coordinates": [
     10.748,
     59.9186
    ]
   }
  },
  {
   "type": "Feature",
   "properties": {
    "name": "Warsaw",
    "kind": "capital",
    "country": "Poland",
    "pop": 1707000,
    "z": 2.8
   },
   "geometry": {
    "type": "Point",
    "coordinates": [
     20.9981,
     52.2519
    ]
   }
  },
  {
   "type": "Feature",
   "properties": {
    "name": "Dar es Salaam",
    "kind": "capital",
    "country": "Tanzania",
    "pop": 2930000,
    "z": 2.8
   },
   "geometry": {
    "type": "Point",
    "coordinates": [
     39.2664,
     -6.7981
    ]
   }
  },
  {
   "type": "Feature",
   "properties": {
    "name": "Dublin",
    "kind": "capital",
    "country": "Ireland",
    "pop": 1059000,
    "z": 2.8
   },
   "geometry": {
    "type": "Point",
    "coordinates": [
     -6.2509,
     53.335
    ]
   }
  },
  {
   "type": "Feature",
   "properties": {
    "name": "Monrovia",
    "kind": "capital",
    "country": "Liberia",
    "pop": 1041000,
    "z": 2.8
   },
   "geometry": {
    "type": "Point",
    "coordinates": [
     -10.7997,
     6.3146
    ]
   }
  },
  {
   "type": "Feature",
   "properties": {
    "name": "Kuala Lumpur",
    "kind": "capital",
    "country": "Malaysia",
    "pop": 1448000,
    "z": 2.8
   },
   "geometry": {
    "type": "Point",
    "coordinates": [
     101.698,
     3.1686
    ]
   }
  },
  {
   "type": "Feature",
   "properties": {
    "name": "Havana",
    "kind": "capital",
    "country": "Cuba",
    "pop": 2174000,
    "z": 2.8
   },
   "geometry": {
    "type": "Point",
    "coordinates": [
     -82.3661,
     23.1339
    ]
   }
  },
  {
   "type": "Feature",
   "properties": {
    "name": "Kuwait City",
    "kind": "capital",
    "country": "Kuwait",
    "pop": 2063000,
    "z": 2.8
   },
   "geometry": {
    "type": "Point",
    "coordinates": [
     47.9764,
     29.3717
    ]
   }
  },
  {
   "type": "Feature",
   "properties": {
    "name": "Santo Domingo",
    "kind": "capital",
    "country": "Dominican Republic",
    "pop": 2154000,
    "z": 2.8
   },
   "geometry": {
    "type": "Point",
    "coordinates": [
     -69.902,
     18.472
    ]
   }
  },
  {
   "type": "Feature",
   "properties": {
    "name": "Accra",
    "kind": "capital",
    "country": "Ghana",
    "pop": 2121000,
    "z": 2.8
   },
   "geometry": {
    "type": "Point",
    "coordinates": [
     -0.2187,
     5.552
    ]
   }
  },
  {
   "type": "Feature",
   "properties": {
    "name": "Tripoli",
    "kind": "capital",
    "country": "Libya",
    "pop": 2189000,
    "z": 2.8
   },
   "geometry": {
    "type": "Point",
    "coordinates": [
     13.18,
     32.8925
    ]
   }
  },
  {
   "type": "Feature",
   "properties": {
    "name": "Tel Aviv",
    "kind": "capital",
    "country": "Israel",
    "pop": 3112000,
    "z": 2.8
   },
   "geometry": {
    "type": "Point",
    "coordinates": [
     34.7681,
     32.0819
    ]
   }
  },
  {
   "type": "Feature",
   "properties": {
    "name": "Helsinki",
    "kind": "capital",
    "country": "Finland",
    "pop": 1115000,
    "z": 2.8
   },
   "geometry": {
    "type": "Point",
    "coordinates": [
     24.9322,
     60.1775
    ]
   }
  },
  {
   "type": "Feature",
   "properties": {
    "name": "København",
    "kind": "capital",
    "country": "Denmark",
    "pop": 1085000,
    "z": 2.8
   },
   "geometry": {
    "type": "Point",
    "coordinates": [
     12.5615,
     55.6805
    ]
   }
  },
  {
   "type": "Feature",
   "properties": {
    "name": "Abidjan",
    "kind": "capital",
    "country": "Ivory Coast",
    "pop": 3802000,
    "z": 2.8
   },
   "geometry": {
    "type": "Point",
    "coordinates": [
     -4.042,
     5.3219
    ]
   }
  },
  {
   "type": "Feature",
   "properties": {
    "name": "Dhaka",
    "kind": "capital",
    "country": "Bangladesh",
    "pop": 12797394,
    "z": 2.8
   },
   "geometry": {
    "type": "Point",
    "coordinates": [
     90.4066,
     23.725
    ]
   }
  },
  {
   "type": "Feature",
   "properties": {
    "name": "Luanda",
    "kind": "capital",
    "country": "Angola",
    "pop": 5172900,
    "z": 2.8
   },
   "geometry": {
    "type": "Point",
    "coordinates": [
     13.2325,
     -8.8363
    ]
   }
  },
  {
   "type": "Feature",
   "properties": {
    "name": "Algiers",
    "kind": "capital",
    "country": "Algeria",
    "pop": 3354000,
    "z": 2.8
   },
   "geometry": {
    "type": "Point",
    "coordinates": [
     3.0486,
     36.765
    ]
   }
  },
  {
   "type": "Feature",
   "properties": {
    "name": "Yangon",
    "kind": "capital",
    "country": "Myanmar",
    "pop": 4088000,
    "z": 2.8
   },
   "geometry": {
    "type": "Point",
    "coordinates": [
     96.1647,
     16.7853
    ]
   }
  },
  {
   "type": "Feature",
   "properties": {
    "name": "Sucre",
    "kind": "capital",
    "country": "Bolivia",
    "pop": 224838,
    "z": 3.5
   },
   "geometry": {
    "type": "Point",
    "coordinates": [
     -65.2595,
     -19.041
    ]
   }
  },
  {
   "type": "Feature",
   "properties": {
    "name": "Budapest",
    "kind": "capital",
    "country": "Hungary",
    "pop": 1679000,
    "z": 3.5
   },
   "geometry": {
    "type": "Point",
    "coordinates": [
     19.0814,
     47.502
    ]
   }
  },
  {
   "type": "Feature",
   "properties": {
    "name": "Damascus",
    "kind": "capital",
    "country": "Syria",
    "pop": 2466000,
    "z": 3.5
   },
   "geometry": {
    "type": "Point",
    "coordinates": [
     36.2981,
     33.502
    ]
   }
  },
  {
   "type": "Feature",
   "properties": {
    "name": "Pyongyang",
    "kind": "capital",
    "country": "North Korea",
    "pop": 3300000,
    "z": 3.5
   },
   "geometry": {
    "type": "Point",
    "coordinates": [
     125.7527,
     39.0214
    ]
   }
  },
  {
   "type": "Feature",
   "properties": {
    "name": "Prague",
    "kind": "capital",
    "country": "Czechia",
    "pop": 1162000,
    "z": 3.5
   },
   "geometry": {
    "type": "Point",
    "coordinates": [
     14.464,
     50.0853
    ]
   }
  },
  {
   "type": "Feature",
   "properties": {
    "name": "Brussels",
    "kind": "capital",
    "country": "Belgium",
    "pop": 1743000,
    "z": 3.5
   },
   "geometry": {
    "type": "Point",
    "coordinates": [
     4.3314,
     50.8353
    ]
   }
  },
  {
   "type": "Feature",
   "properties": {
    "name": "Punta Arenas",
    "kind": "city",
    "country": "Chile",
    "pop": 117430,
    "z": 3.6
   },
   "geometry": {
    "type": "Point",
    "coordinates": [
     -70.94,
     -53.165
    ]
   }
  },
  {
   "type": "Feature",
   "properties": {
    "name": "Anchorage",
    "kind": "city",
    "country": "United States of America",
    "pop": 260283,
    "z": 3.6
   },
   "geometry": {
    "type": "Point",
    "coordinates": [
     -149.9002,
     61.22
    ]
   }
  },
  {
   "type": "Feature",
   "properties": {
    "name": "San Francisco",
    "kind": "city",
    "country": "United States of America",
    "pop": 3450000,
    "z": 3.6
   },
   "geometry": {
    "type": "Point",
    "coordinates": [
     -122.4172,
     37.7692
    ]
   }
  },
  {
   "type": "Feature",
   "properties": {
    "name": "Houston",
    "kind": "city",
    "country": "United States of America",
    "pop": 4459000,
    "z": 3.6
   },
   "geometry": {
    "type": "Point",
    "coordinates": [
     -95.3419,
     29.8219
    ]
   }
  },
  {
   "type": "Feature",
   "properties": {
    "name": "Miami",
    "kind": "city",
    "country": "United States of America",
    "pop": 5585000,
    "z": 3.6
   },
   "geometry": {
    "type": "Point",
    "coordinates": [
     -80.2261,
     25.7896
    ]
   }
  },
  {
   "type": "Feature",
   "properties": {
    "name": "Atlanta",
    "kind": "city",
    "country": "United States of America",
    "pop": 4506000,
    "z": 3.6
   },
   "geometry": {
    "type": "Point",
    "coordinates": [
     -84.4019,
     33.832
    ]
   }
  },
  {
   "type": "Feature",
   "properties": {
    "name": "Chicago",
    "kind": "city",
    "country": "United States of America",
    "pop": 8990000,
    "z": 3.6
   },
   "geometry": {
    "type": "Point",
    "coordinates": [
     -87.752,
     41.8319
    ]
   }
  },
  {
   "type": "Feature",
   "properties": {
    "name": "Chengdu",
    "kind": "city",
    "country": "China",
    "pop": 4123000,
    "z": 3.6
   },
   "geometry": {
    "type": "Point",
    "coordinates": [
     104.0681,
     30.6719
    ]
   }
  },
  {
   "type": "Feature",
   "properties": {
    "name": "Ōsaka",
    "kind": "city",
    "country": "Japan",
    "pop": 11294000,
    "z": 3.6
   },
   "geometry": {
    "type": "Point",
    "coordinates": [
     135.4582,
     34.752
    ]
   }
  },
  {
   "type": "Feature",
   "properties": {
    "name": "Vancouver",
    "kind": "city",
    "country": "Canada",
    "pop": 2313328,
    "z": 3.6
   },
   "geometry": {
    "type": "Point",
    "coordinates": [
     -123.1236,
     49.2754
    ]
   }
  },
  {
   "type": "Feature",
   "properties": {
    "name": "Toronto",
    "kind": "city",
    "country": "Canada",
    "pop": 5213000,
    "z": 3.6
   },
   "geometry": {
    "type": "Point",
    "coordinates": [
     -79.422,
     43.7019
    ]
   }
  },
  {
   "type": "Feature",
   "properties": {
    "name": "Melbourne",
    "kind": "city",
    "country": "Australia",
    "pop": 4170000,
    "z": 3.6
   },
   "geometry": {
    "type": "Point",
    "coordinates": [
     144.9731,
     -37.8181
    ]
   }
  },
  {
   "type": "Feature",
   "properties": {
    "name": "Auckland",
    "kind": "city",
    "country": "New Zealand",
    "pop": 1377200,
    "z": 3.6
   },
   "geometry": {
    "type": "Point",
    "coordinates": [
     174.763,
     -36.8481
    ]
   }
  },
  {
   "type": "Feature",
   "properties": {
    "name": "Los Angeles",
    "kind": "city",
    "country": "United States of America",
    "pop": 12500000,
    "z": 3.6
   },
   "geometry": {
    "type": "Point",
    "coordinates": [
     -118.1819,
     33.9919
    ]
   }
  },
  {
   "type": "Feature",
   "properties": {
    "name": "New York",
    "kind": "city",
    "country": "United States of America",
    "pop": 19040000,
    "z": 3.6
   },
   "geometry": {
    "type": "Point",
    "coordinates": [
     -73.982,
     40.7519
    ]
   }
  },
  {
   "type": "Feature",
   "properties": {
    "name": "Istanbul",
    "kind": "city",
    "country": "Turkey",
    "pop": 10061000,
    "z": 3.6
   },
   "geometry": {
    "type": "Point",
    "coordinates": [
     29.0081,
     41.1069
    ]
   }
  },
  {
   "type": "Feature",
   "properties": {
    "name": "Shanghai",
    "kind": "city",
    "country": "China",
    "pop": 14987000,
    "z": 3.6
   },
   "geometry": {
    "type": "Point",
    "coordinates": [
     121.4346,
     31.2184
    ]
   }
  },
  {
   "type": "Feature",
   "properties": {
    "name": "Mumbai",
    "kind": "city",
    "country": "India",
    "pop": 18978000,
    "z": 3.6
   },
   "geometry": {
    "type": "Point",
    "coordinates": [
     72.855,
     19.0189
    ]
   }
  },
  {
   "type": "Feature",
   "properties": {
    "name": "Rio de Janeiro",
    "kind": "city",
    "country": "Brazil",
    "pop": 11748000,
    "z": 3.6
   },
   "geometry": {
    "type": "Point",
    "coordinates": [
     -43.227,
     -22.9231
    ]
   }
  },
  {
   "type": "Feature",
   "properties": {
    "name": "São Paulo",
    "kind": "city",
    "country": "Brazil",
    "pop": 18845000,
    "z": 3.6
   },
   "geometry": {
    "type": "Point",
    "coordinates": [
     -46.627,
     -23.5567
    ]
   }
  },
  {
   "type": "Feature",
   "properties": {
    "name": "Sydney",
    "kind": "city",
    "country": "Australia",
    "pop": 4630000,
    "z": 3.6
   },
   "geometry": {
    "type": "Point",
    "coordinates": [
     151.1832,
     -33.9181
    ]
   }
  },
  {
   "type": "Feature",
   "properties": {
    "name": "Hong Kong",
    "kind": "city",
    "country": "Hong Kong S.A.R.",
    "pop": 7206000,
    "z": 3.6
   },
   "geometry": {
    "type": "Point",
    "coordinates": [
     114.1831,
     22.3069
    ]
   }
  },
  {
   "type": "Feature",
   "properties": {
    "name": "Omsk",
    "kind": "city",
    "country": "Russia",
    "pop": 1135000,
    "z": 3.7
   },
   "geometry": {
    "type": "Point",
    "coordinates": [
     73.398,
     54.9919
    ]
   }
  },
  {
   "type": "Feature",
   "properties": {
    "name": "Prudhoe Bay",
    "kind": "city",
    "country": "United States of America",
    "pop": 2500,
    "z": 3.7
   },
   "geometry": {
    "type": "Point",
    "coordinates": [
     -148.6694,
     70.2922
    ]
   }
  },
  {
   "type": "Feature",
   "properties": {
    "name": "Tromsø",
    "kind": "city",
    "country": "Norway",
    "pop": 52436,
    "z": 3.7
   },
   "geometry": {
    "type": "Point",
    "coordinates": [
     18.992,
     69.6351
    ]
   }
  },
  {
   "type": "Feature",
   "properties": {
    "name": "Murmansk",
    "kind": "city",
    "country": "Russia",
    "pop": 319263,
    "z": 3.7
   },
   "geometry": {
    "type": "Point",
    "coordinates": [
     33.1,
     68.97
    ]
   }
  },
  {
   "type": "Feature",
   "properties": {
    "name": "Samara",
    "kind": "city",
    "country": "Russia",
    "pop": 1137000,
    "z": 3.7
   },
   "geometry": {
    "type": "Point",
    "coordinates": [
     50.1493,
     53.197
    ]
   }
  },
  {
   "type": "Feature",
   "properties": {
    "name": "Irkutsk",
    "kind": "city",
    "country": "Russia",
    "pop": 586695,
    "z": 3.7
   },
   "geometry": {
    "type": "Point",
    "coordinates": [
     104.245,
     52.32
    ]
   }
  },
  {
   "type": "Feature",
   "properties": {
    "name": "Magadan",
    "kind": "city",
    "country": "Russia",
    "pop": 95282,
    "z": 3.7
   },
   "geometry": {
    "type": "Point",
    "coordinates": [
     150.81,
     59.575
    ]
   }
  },
  {
   "type": "Feature",
   "properties": {
    "name": "Darwin",
    "kind": "city",
    "country": "Australia",
    "pop": 93080,
    "z": 3.7
   },
   "geometry": {
    "type": "Point",
    "coordinates": [
     130.85,
     -12.4254
    ]
   }
  },
  {
   "type": "Feature",
   "properties": {
    "name": "Adelaide",
    "kind": "city",
    "country": "Australia",
    "pop": 1145000,
    "z": 3.7
   },
   "geometry": {
    "type": "Point",
    "coordinates": [
     138.5981,
     -34.933
    ]
   }
  },
  {
   "type": "Feature",
   "properties": {
    "name": "Makkah",
    "kind": "city",
    "country": "Saudi Arabia",
    "pop": 1385000,
    "z": 3.7
   },
   "geometry": {
    "type": "Point",
    "coordinates": [
     39.8181,
     21.432
    ]
   }
  },
  {
   "type": "Feature",
   "properties": {
    "name": "St.  Petersburg",
    "kind": "city",
    "country": "Russia",
    "pop": 4553000,
    "z": 3.7
   },
   "geometry": {
    "type": "Point",
    "coordinates": [
     30.3141,
     59.941
    ]
   }
  },
  {
   "type": "Feature",
   "properties": {
    "name": "Xian",
    "kind": "city",
    "country": "China",
    "pop": 4009000,
    "z": 3.7
   },
   "geometry": {
    "type": "Point",
    "coordinates": [
     108.8931,
     34.277
    ]
   }
  },
  {
   "type": "Feature",
   "properties": {
    "name": "Harbin",
    "kind": "city",
    "country": "China",
    "pop": 3621000,
    "z": 3.7
   },
   "geometry": {
    "type": "Point",
    "coordinates": [
     126.648,
     45.7519
    ]
   }
  },
  {
   "type": "Feature",
   "properties": {
    "name": "Salvador",
    "kind": "city",
    "country": "Brazil",
    "pop": 3484000,
    "z": 3.7
   },
   "geometry": {
    "type": "Point",
    "coordinates": [
     -38.4819,
     -12.968
    ]
   }
  },
  {
   "type": "Feature",
   "properties": {
    "name": "Recife",
    "kind": "city",
    "country": "Brazil",
    "pop": 3651000,
    "z": 3.7
   },
   "geometry": {
    "type": "Point",
    "coordinates": [
     -34.9176,
     -8.0737
    ]
   }
  },
  {
   "type": "Feature",
   "properties": {
    "name": "Perth",
    "kind": "city",
    "country": "Australia",
    "pop": 1532000,
    "z": 3.7
   },
   "geometry": {
    "type": "Point",
    "coordinates": [
     115.8381,
     -31.9531
    ]
   }
  },
  {
   "type": "Feature",
   "properties": {
    "name": "Denver",
    "kind": "city",
    "country": "United States of America",
    "pop": 2313000,
    "z": 3.7
   },
   "geometry": {
    "type": "Point",
    "coordinates": [
     -104.986,
     39.7411
    ]
   }
  },
  {
   "type": "Feature",
   "properties": {
    "name": "Dubai",
    "kind": "city",
    "country": "United Arab Emirates",
    "pop": 1379000,
    "z": 3.7
   },
   "geometry": {
    "type": "Point",
    "coordinates": [
     55.278,
     25.2319
    ]
   }
  },
  {
   "type": "Feature",
   "properties": {
    "name": "Geneva",
    "kind": "city",
    "country": "Switzerland",
    "pop": 1240000,
    "z": 3.7
   },
   "geometry": {
    "type": "Point",
    "coordinates": [
     6.14,
     46.21
    ]
   }
  },
  {
   "type": "Feature",
   "properties": {
    "name": "Casablanca",
    "kind": "city",
    "country": "Morocco",
    "pop": 3181000,
    "z": 3.7
   },
   "geometry": {
    "type": "Point",
    "coordinates": [
     -7.6183,
     33.6019
    ]
   }
  },
  {
   "type": "Feature",
   "properties": {
    "name": "Monterrey",
    "kind": "city",
    "country": "Mexico",
    "pop": 3712000,
    "z": 3.7
   },
   "geometry": {
    "type": "Point",
    "coordinates": [
     -100.3319,
     25.6719
    ]
   }
  },
  {
   "type": "Feature",
   "properties": {
    "name": "Ürümqi",
    "kind": "city",
    "country": "China",
    "pop": 3575000,
    "z": 3.7
   },
   "geometry": {
    "type": "Point",
    "coordinates": [
     87.5731,
     43.807
    ]
   }
  },
  {
   "type": "Feature",
   "properties": {
    "name": "Bengaluru",
    "kind": "city",
    "country": "India",
    "pop": 6787000,
    "z": 3.7
   },
   "geometry": {
    "type": "Point",
    "coordinates": [
     77.5581,
     12.9719
    ]
   }
  },
  {
   "type": "Feature",
   "properties": {
    "name": "Kolkata",
    "kind": "city",
    "country": "India",
    "pop": 14787000,
    "z": 3.7
   },
   "geometry": {
    "type": "Point",
    "coordinates": [
     88.3227,
     22.4969
    ]
   }
  },
  {
   "type": "Feature",
   "properties": {
    "name": "Lomé",
    "kind": "capital",
    "country": "Togo",
    "pop": 1452000,
    "z": 3.8
   },
   "geometry": {
    "type": "Point",
    "coordinates": [
     1.2208,
     6.1339
    ]
   }
  },
  {
   "type": "Feature",
   "properties": {
    "name": "Tunis",
    "kind": "capital",
    "country": "Tunisia",
    "pop": 2412500,
    "z": 3.8
   },
   "geometry": {
    "type": "Point",
    "coordinates": [
     10.1797,
     36.8028
    ]
   }
  },
  {
   "type": "Feature",
   "properties": {
    "name": "Abu Dhabi",
    "kind": "capital",
    "country": "United Arab Emirates",
    "pop": 603492,
    "z": 3.8
   },
   "geometry": {
    "type": "Point",
    "coordinates": [
     54.3666,
     24.4667
    ]
   }
  },
  {
   "type": "Feature",
   "properties": {
    "name": "Ashgabat",
    "kind": "capital",
    "country": "Turkmenistan",
    "pop": 727700,
    "z": 3.8
   },
   "geometry": {
    "type": "Point",
    "coordinates": [
     58.3833,
     37.95
    ]
   }
  },
  {
   "type": "Feature",
   "properties": {
    "name": "Dili",
    "kind": "capital",
    "country": "East Timor",
    "pop": 234331,
    "z": 3.8
   },
   "geometry": {
    "type": "Point",
    "coordinates": [
     125.5795,
     -8.5594
    ]
   }
  },
  {
   "type": "Feature",
   "properties": {
    "name": "Tegucigalpa",
    "kind": "capital",
    "country": "Honduras",
    "pop": 946000,
    "z": 3.8
   },
   "geometry": {
    "type": "Point",
    "coordinates": [
     -87.2195,
     14.104
    ]
   }
  },
  {
   "type": "Feature",
   "properties": {
    "name": "Port-au-Prince",
    "kind": "capital",
    "country": "Haiti",
    "pop": 1998000,
    "z": 3.8
   },
   "geometry": {
    "type": "Point",
    "coordinates": [
     -72.338,
     18.543
    ]
   }
  },
  {
   "type": "Feature",
   "properties": {
    "name": "Kampala",
    "kind": "capital",
    "country": "Uganda",
    "pop": 1420000,
    "z": 3.8
   },
   "geometry": {
    "type": "Point",
    "coordinates": [
     32.5814,
     0.3186
    ]
   }
  },
  {
   "type": "Feature",
   "properties": {
    "name": "Paramaribo",
    "kind": "capital",
    "country": "Suriname",
    "pop": 254169,
    "z": 3.8
   },
   "geometry": {
    "type": "Point",
    "coordinates": [
     -55.167,
     5.835
    ]
   }
  },
  {
   "type": "Feature",
   "properties": {
    "name": "Niamey",
    "kind": "capital",
    "country": "Niger",
    "pop": 915000,
    "z": 3.8
   },
   "geometry": {
    "type": "Point",
    "coordinates": [
     2.1147,
     13.5187
    ]
   }
  },
  {
   "type": "Feature",
   "properties": {
    "name": "Dushanbe",
    "kind": "capital",
    "country": "Tajikistan",
    "pop": 1086244,
    "z": 3.8
   },
   "geometry": {
    "type": "Point",
    "coordinates": [
     68.7739,
     38.56
    ]
   }
  },
  {
   "type": "Feature",
   "properties": {
    "name": "Managua",
    "kind": "capital",
    "country": "Nicaragua",
    "pop": 920000,
    "z": 3.8
   },
   "geometry": {
    "type": "Point",
    "coordinates": [
     -86.2704,
     12.155
    ]
   }
  },
  {
   "type": "Feature",
   "properties": {
    "name": "Freetown",
    "kind": "capital",
    "country": "Sierra Leone",
    "pop": 827000,
    "z": 3.8
   },
   "geometry": {
    "type": "Point",
    "coordinates": [
     -13.2362,
     8.472
    ]
   }
  },
  {
   "type": "Feature",
   "properties": {
    "name": "Islamabad",
    "kind": "capital",
    "country": "Pakistan",
    "pop": 780000,
    "z": 3.8
   },
   "geometry": {
    "type": "Point",
    "coordinates": [
     73.1647,
     33.7019
    ]
   }
  },
  {
   "type": "Feature",
   "properties": {
    "name": "Kathmandu",
    "kind": "capital",
    "country": "Nepal",
    "pop": 895000,
    "z": 3.8
   },
   "geometry": {
    "type": "Point",
    "coordinates": [
     85.3147,
     27.7186
    ]
   }
  },
  {
   "type": "Feature",
   "properties": {
    "name": "Bloemfontein",
    "kind": "capital",
    "country": "South Africa",
    "pop": 463064,
    "z": 3.8
   },
   "geometry": {
    "type": "Point",
    "coordinates": [
     26.2299,
     -29.12
    ]
   }
  },
  {
   "type": "Feature",
   "properties": {
    "name": "Pretoria",
    "kind": "capital",
    "country": "South Africa",
    "pop": 1338000,
    "z": 3.8
   },
   "geometry": {
    "type": "Point",
    "coordinates": [
     28.2275,
     -25.705
    ]
   }
  },
  {
   "type": "Feature",
   "properties": {
    "name": "Honiara",
    "kind": "capital",
    "country": "Solomon Islands",
    "pop": 76328,
    "z": 3.8
   },
   "geometry": {
    "type": "Point",
    "coordinates": [
     159.9498,
     -9.438
    ]
   }
  },
  {
   "type": "Feature",
   "properties": {
    "name": "Panama City",
    "kind": "capital",
    "country": "Panama",
    "pop": 1281000,
    "z": 3.8
   },
   "geometry": {
    "type": "Point",
    "coordinates": [
     -79.535,
     8.97
    ]
   }
  },
  {
   "type": "Feature",
   "properties": {
    "name": "Rabat",
    "kind": "capital",
    "country": "Morocco",
    "pop": 1705000,
    "z": 3.8
   },
   "geometry": {
    "type": "Point",
    "coordinates": [
     -6.8364,
     34.0253
    ]
   }
  },
  {
   "type": "Feature",
   "properties": {
    "name": "Chișinău",
    "kind": "capital",
    "country": "Moldova",
    "pop": 688134,
    "z": 3.8
   },
   "geometry": {
    "type": "Point",
    "coordinates": [
     28.8577,
     47.005
    ]
   }
  },
  {
   "type": "Feature",
   "properties": {
    "name": "Maputo",
    "kind": "capital",
    "country": "Mozambique",
    "pop": 1446000,
    "z": 3.8
   },
   "geometry": {
    "type": "Point",
    "coordinates": [
     32.5872,
     -25.9533
    ]
   }
  },
  {
   "type": "Feature",
   "properties": {
    "name": "Muscat",
    "kind": "capital",
    "country": "Oman",
    "pop": 734697,
    "z": 3.8
   },
   "geometry": {
    "type": "Point",
    "coordinates": [
     58.5933,
     23.6133
    ]
   }
  },
  {
   "type": "Feature",
   "properties": {
    "name": "Colombo",
    "kind": "capital",
    "country": "Sri Lanka",
    "pop": 217000,
    "z": 3.8
   },
   "geometry": {
    "type": "Point",
    "coordinates": [
     79.8578,
     6.932
    ]
   }
  },
  {
   "type": "Feature",
   "properties": {
    "name": "Windhoek",
    "kind": "capital",
    "country": "Namibia",
    "pop": 268132,
    "z": 3.8
   },
   "geometry": {
    "type": "Point",
    "coordinates": [
     17.0835,
     -22.57
    ]
   }
  },
  {
   "type": "Feature",
   "properties": {
    "name": "Bissau",
    "kind": "capital",
    "country": "Guinea Bissau",
    "pop": 403339,
    "z": 3.8
   },
   "geometry": {
    "type": "Point",
    "coordinates": [
     -15.5984,
     11.865
    ]
   }
  },
  {
   "type": "Feature",
   "properties": {
    "name": "Amman",
    "kind": "capital",
    "country": "Jordan",
    "pop": 1060000,
    "z": 3.8
   },
   "geometry": {
    "type": "Point",
    "coordinates": [
     35.9314,
     31.952
    ]
   }
  },
  {
   "type": "Feature",
   "properties": {
    "name": "Vilnius",
    "kind": "capital",
    "country": "Lithuania",
    "pop": 542366,
    "z": 3.8
   },
   "geometry": {
    "type": "Point",
    "coordinates": [
     25.3166,
     54.6834
    ]
   }
  },
  {
   "type": "Feature",
   "properties": {
    "name": "Bishkek",
    "kind": "capital",
    "country": "Kyrgyzstan",
    "pop": 837000,
    "z": 3.8
   },
   "geometry": {
    "type": "Point",
    "coordinates": [
     74.5833,
     42.875
    ]
   }
  },
  {
   "type": "Feature",
   "properties": {
    "name": "Maseru",
    "kind": "capital",
    "country": "Lesotho",
    "pop": 361324,
    "z": 3.8
   },
   "geometry": {
    "type": "Point",
    "coordinates": [
     27.4833,
     -29.3167
    ]
   }
  },
  {
   "type": "Feature",
   "properties": {
    "name": "Antananarivo",
    "kind": "capital",
    "country": "Madagascar",
    "pop": 1697000,
    "z": 3.8
   },
   "geometry": {
    "type": "Point",
    "coordinates": [
     47.5147,
     -18.9147
    ]
   }
  },
  {
   "type": "Feature",
   "properties": {
    "name": "San José",
    "kind": "capital",
    "country": "Costa Rica",
    "pop": 1284000,
    "z": 3.8
   },
   "geometry": {
    "type": "Point",
    "coordinates": [
     -84.086,
     9.937
    ]
   }
  },
  {
   "type": "Feature",
   "properties": {
    "name": "San Salvador",
    "kind": "capital",
    "country": "El Salvador",
    "pop": 1433000,
    "z": 3.8
   },
   "geometry": {
    "type": "Point",
    "coordinates": [
     -89.205,
     13.7119
    ]
   }
  },
  {
   "type": "Feature",
   "properties": {
    "name": "Kingston",
    "kind": "capital",
    "country": "Jamaica",
    "pop": 937700,
    "z": 3.8
   },
   "geometry": {
    "type": "Point",
    "coordinates": [
     -76.7674,
     17.9771
    ]
   }
  },
  {
   "type": "Feature",
   "properties": {
    "name": "N'Djamena",
    "kind": "capital",
    "country": "Chad",
    "pop": 989000,
    "z": 3.8
   },
   "geometry": {
    "type": "Point",
    "coordinates": [
     15.0472,
     12.115
    ]
   }
  },
  {
   "type": "Feature",
   "properties": {
    "name": "Malabo",
    "kind": "capital",
    "country": "Equatorial Guinea",
    "pop": 155963,
    "z": 3.8
   },
   "geometry": {
    "type": "Point",
    "coordinates": [
     8.7833,
     3.75
    ]
   }
  },
  {
   "type": "Feature",
   "properties": {
    "name": "Asmara",
    "kind": "capital",
    "country": "Eritrea",
    "pop": 620802,
    "z": 3.8
   },
   "geometry": {
    "type": "Point",
    "coordinates": [
     38.9333,
     15.3333
    ]
   }
  },
  {
   "type": "Feature",
   "properties": {
    "name": "Zagreb",
    "kind": "capital",
    "country": "Croatia",
    "pop": 722526,
    "z": 3.8
   },
   "geometry": {
    "type": "Point",
    "coordinates": [
     16,
     45.8
    ]
   }
  },
  {
   "type": "Feature",
   "properties": {
    "name": "Tallinn",
    "kind": "capital",
    "country": "Estonia",
    "pop": 394024,
    "z": 3.8
   },
   "geometry": {
    "type": "Point",
    "coordinates": [
     24.728,
     59.4339
    ]
   }
  },
  {
   "type": "Feature",
   "properties": {
    "name": "Lilongwe",
    "kind": "capital",
    "country": "Malawi",
    "pop": 646750,
    "z": 3.8
   },
   "geometry": {
    "type": "Point",
    "coordinates": [
     33.7833,
     -13.9833
    ]
   }
  },
  {
   "type": "Feature",
   "properties": {
    "name": "Guatemala City",
    "kind": "capital",
    "country": "Guatemala",
    "pop": 1024000,
    "z": 3.8
   },
   "geometry": {
    "type": "Point",
    "coordinates": [
     -90.5289,
     14.6231
    ]
   }
  },
  {
   "type": "Feature",
   "properties": {
    "name": "Libreville",
    "kind": "capital",
    "country": "Gabon",
    "pop": 578156,
    "z": 3.8
   },
   "geometry": {
    "type": "Point",
    "coordinates": [
     9.458,
     0.3854
    ]
   }
  },
  {
   "type": "Feature",
   "properties": {
    "name": "Suva",
    "kind": "capital",
    "country": "Fiji",
    "pop": 175399,
    "z": 3.8
   },
   "geometry": {
    "type": "Point",
    "coordinates": [
     178.4417,
     -18.133
    ]
   }
  },
  {
   "type": "Feature",
   "properties": {
    "name": "Valparaíso",
    "kind": "capital",
    "country": "Chile",
    "pop": 854000,
    "z": 3.8
   },
   "geometry": {
    "type": "Point",
    "coordinates": [
     -71.623,
     -33.0458
    ]
   }
  },
  {
   "type": "Feature",
   "properties": {
    "name": "Nouakchott",
    "kind": "capital",
    "country": "Mauritania",
    "pop": 742144,
    "z": 3.8
   },
   "geometry": {
    "type": "Point",
    "coordinates": [
     -15.9753,
     18.0864
    ]
   }
  },
  {
   "type": "Feature",
   "properties": {
    "name": "Beirut",
    "kind": "capital",
    "country": "Lebanon",
    "pop": 1846000,
    "z": 3.8
   },
   "geometry": {
    "type": "Point",
    "coordinates": [
     35.5078,
     33.8739
    ]
   }
  },
  {
   "type": "Feature",
   "properties": {
    "name": "Tbilisi",
    "kind": "capital",
    "country": "Georgia",
    "pop": 1100000,
    "z": 3.8
   },
   "geometry": {
    "type": "Point",
    "coordinates": [
     44.7888,
     41.727
    ]
   }
  },
  {
   "type": "Feature",
   "properties": {
    "name": "Vientiane",
    "kind": "capital",
    "country": "Laos",
    "pop": 754000,
    "z": 3.8
   },
   "geometry": {
    "type": "Point",
    "coordinates": [
     102.6,
     17.9667
    ]
   }
  },
  {
   "type": "Feature",
   "properties": {
    "name": "Brazzaville",
    "kind": "capital",
    "country": "Congo (Brazzaville)",
    "pop": 1355000,
    "z": 3.8
   },
   "geometry": {
    "type": "Point",
    "coordinates": [
     15.2827,
     -4.2572
    ]
   }
  },
  {
   "type": "Feature",
   "properties": {
    "name": "Conakry",
    "kind": "capital",
    "country": "Guinea",
    "pop": 1494000,
    "z": 3.8
   },
   "geometry": {
    "type": "Point",
    "coordinates": [
     -13.6822,
     9.5335
    ]
   }
  },
  {
   "type": "Feature",
   "properties": {
    "name": "Yamoussoukro",
    "kind": "capital",
    "country": "Ivory Coast",
    "pop": 206499,
    "z": 3.8
   },
   "geometry": {
    "type": "Point",
    "coordinates": [
     -5.2755,
     6.8184
    ]
   }
  },
  {
   "type": "Feature",
   "properties": {
    "name": "Belgrade",
    "kind": "capital",
    "country": "Serbia",
    "pop": 1099000,
    "z": 3.8
   },
   "geometry": {
    "type": "Point",
    "coordinates": [
     20.466,
     44.8206
    ]
   }
  },
  {
   "type": "Feature",
   "properties": {
    "name": "Bandar Seri Begawan",
    "kind": "capital",
    "country": "Brunei",
    "pop": 296500,
    "z": 3.8
   },
   "geometry": {
    "type": "Point",
    "coordinates": [
     114.9333,
     4.8833
    ]
   }
  },
  {
   "type": "Feature",
   "properties": {
    "name": "Belmopan",
    "kind": "capital",
    "country": "Belize",
    "pop": 15220,
    "z": 3.8
   },
   "geometry": {
    "type": "Point",
    "coordinates": [
     -88.7671,
     17.252
    ]
   }
  },
  {
   "type": "Feature",
   "properties": {
    "name": "Bangui",
    "kind": "capital",
    "country": "Central African Republic",
    "pop": 831925,
    "z": 3.8
   },
   "geometry": {
    "type": "Point",
    "coordinates": [
     18.5583,
     4.3666
    ]
   }
  },
  {
   "type": "Feature",
   "properties": {
    "name": "Yaoundé",
    "kind": "capital",
    "country": "Cameroon",
    "pop": 1611000,
    "z": 3.8
   },
   "geometry": {
    "type": "Point",
    "coordinates": [
     11.5147,
     3.8686
    ]
   }
  },
  {
   "type": "Feature",
   "properties": {
    "name": "Tirana",
    "kind": "capital",
    "country": "Albania",
    "pop": 895350,
    "z": 3.8
   },
   "geometry": {
    "type": "Point",
    "coordinates": [
     19.8189,
     41.3275
    ]
   }
  },
  {
   "type": "Feature",
   "properties": {
    "name": "Yerevan",
    "kind": "capital",
    "country": "Armenia",
    "pop": 1102000,
    "z": 3.8
   },
   "geometry": {
    "type": "Point",
    "coordinates": [
     44.5116,
     40.1831
    ]
   }
  },
  {
   "type": "Feature",
   "properties": {
    "name": "Baku",
    "kind": "capital",
    "country": "Azerbaijan",
    "pop": 2122300,
    "z": 3.8
   },
   "geometry": {
    "type": "Point",
    "coordinates": [
     49.8603,
     40.3972
    ]
   }
  },
  {
   "type": "Feature",
   "properties": {
    "name": "Phnom Penh",
    "kind": "capital",
    "country": "Cambodia",
    "pop": 1466000,
    "z": 3.8
   },
   "geometry": {
    "type": "Point",
    "coordinates": [
     104.9147,
     11.552
    ]
   }
  },
  {
   "type": "Feature",
   "properties": {
    "name": "Cotonou",
    "kind": "capital",
    "country": "Benin",
    "pop": 762000,
    "z": 3.8
   },
   "geometry": {
    "type": "Point",
    "coordinates": [
     2.518,
     6.402
    ]
   }
  },
  {
   "type": "Feature",
   "properties": {
    "name": "Sofia",
    "kind": "capital",
    "country": "Bulgaria",
    "pop": 1185000,
    "z": 3.8
   },
   "geometry": {
    "type": "Point",
    "coordinates": [
     23.3147,
     42.6853
    ]
   }
  },
  {
   "type": "Feature",
   "properties": {
    "name": "Minsk",
    "kind": "capital",
    "country": "Belarus",
    "pop": 1805000,
    "z": 3.8
   },
   "geometry": {
    "type": "Point",
    "coordinates": [
     27.5647,
     53.9019
    ]
   }
  },
  {
   "type": "Feature",
   "properties": {
    "name": "Thimphu",
    "kind": "capital",
    "country": "Bhutan",
    "pop": 98676,
    "z": 3.8
   },
   "geometry": {
    "type": "Point",
    "coordinates": [
     89.639,
     27.473
    ]
   }
  },
  {
   "type": "Feature",
   "properties": {
    "name": "Gaborone",
    "kind": "capital",
    "country": "Botswana",
    "pop": 208411,
    "z": 3.8
   },
   "geometry": {
    "type": "Point",
    "coordinates": [
     25.9119,
     -24.6463
    ]
   }
  },
  {
   "type": "Feature",
   "properties": {
    "name": "Ouagadougou",
    "kind": "capital",
    "country": "Burkina Faso",
    "pop": 1149000,
    "z": 3.8
   },
   "geometry": {
    "type": "Point",
    "coordinates": [
     -1.5267,
     12.3723
    ]
   }
  },
  {
   "type": "Feature",
   "properties": {
    "name": "Sarajevo",
    "kind": "capital",
    "country": "Bosnia and Herzegovina",
    "pop": 696731,
    "z": 3.8
   },
   "geometry": {
    "type": "Point",
    "coordinates": [
     18.383,
     43.85
    ]
   }
  },
  {
   "type": "Feature",
   "properties": {
    "name": "Naypyidaw",
    "kind": "capital",
    "country": "Myanmar",
    "pop": 930000,
    "z": 3.8
   },
   "geometry": {
    "type": "Point",
    "coordinates": [
     96.1167,
     19.7685
    ]
   }
  },
  {
   "type": "Feature",
   "properties": {
    "name": "Hamilton",
    "kind": "capital",
    "country": "Bermuda",
    "pop": 52320,
    "z": 3.8
   },
   "geometry": {
    "type": "Point",
    "coordinates": [
     -64.7839,
     32.2942
    ]
   }
  },
  {
   "type": "Feature",
   "properties": {
    "name": "Nuku'alofa",
    "kind": "capital",
    "country": "Tonga",
    "pop": 42620,
    "z": 3.8
   },
   "geometry": {
    "type": "Point",
    "coordinates": [
     -175.2206,
     -21.1385
    ]
   }
  },
  {
   "type": "Feature",
   "properties": {
    "name": "Hargeisa",
    "kind": "capital",
    "country": "Somaliland",
    "pop": 477876,
    "z": 3.8
   },
   "geometry": {
    "type": "Point",
    "coordinates": [
     44.0653,
     9.56
    ]
   }
  },
  {
   "type": "Feature",
   "properties": {
    "name": "Victoria",
    "kind": "capital",
    "country": "Seychelles",
    "pop": 33576,
    "z": 3.8
   },
   "geometry": {
    "type": "Point",
    "coordinates": [
     55.45,
     -4.6166
    ]
   }
  },
  {
   "type": "Feature",
   "properties": {
    "name": "São Tomé",
    "kind": "capital",
    "country": "Sao Tome and Principe",
    "pop": 88219,
    "z": 3.8
   },
   "geometry": {
    "type": "Point",
    "coordinates": [
     6.7333,
     0.3334
    ]
   }
  },
  {
   "type": "Feature",
   "properties": {
    "name": "Apia",
    "kind": "capital",
    "country": "Samoa",
    "pop": 61916,
    "z": 3.8
   },
   "geometry": {
    "type": "Point",
    "coordinates": [
     -171.7386,
     -13.8415
    ]
   }
  },
  {
   "type": "Feature",
   "properties": {
    "name": "Valletta",
    "kind": "capital",
    "country": "Malta",
    "pop": 368250,
    "z": 3.8
   },
   "geometry": {
    "type": "Point",
    "coordinates": [
     14.5147,
     35.8997
    ]
   }
  },
  {
   "type": "Feature",
   "properties": {
    "name": "Malé",
    "kind": "capital",
    "country": "Maldives",
    "pop": 112927,
    "z": 3.8
   },
   "geometry": {
    "type": "Point",
    "coordinates": [
     73.4999,
     4.1667
    ]
   }
  },
  {
   "type": "Feature",
   "properties": {
    "name": "Praia",
    "kind": "capital",
    "country": "Cape Verde",
    "pop": 113364,
    "z": 3.8
   },
   "geometry": {
    "type": "Point",
    "coordinates": [
     -23.5167,
     14.9167
    ]
   }
  },
  {
   "type": "Feature",
   "properties": {
    "name": "Nassau",
    "kind": "capital",
    "country": "The Bahamas",
    "pop": 227940,
    "z": 3.8
   },
   "geometry": {
    "type": "Point",
    "coordinates": [
     -77.35,
     25.0834
    ]
   }
  },
  {
   "type": "Feature",
   "properties": {
    "name": "Nicosia",
    "kind": "capital",
    "country": "Cyprus",
    "pop": 224300,
    "z": 3.8
   },
   "geometry": {
    "type": "Point",
    "coordinates": [
     33.3666,
     35.1667
    ]
   }
  },
  {
   "type": "Feature",
   "properties": {
    "name": "Monaco",
    "kind": "capital",
    "country": "Monaco",
    "pop": 36371,
    "z": 3.9
   },
   "geometry": {
    "type": "Point",
    "coordinates": [
     7.4069,
     43.7396
    ]
   }
  },
  {
   "type": "Feature",
   "properties": {
    "name": "Port-of-Spain",
    "kind": "capital",
    "country": "Trinidad and Tobago",
    "pop": 294934,
    "z": 3.9
   },
   "geometry": {
    "type": "Point",
    "coordinates": [
     -61.517,
     10.652
    ]
   }
  },
  {
   "type": "Feature",
   "properties": {
    "name": "Kigali",
    "kind": "capital",
    "country": "Rwanda",
    "pop": 860000,
    "z": 3.9
   },
   "geometry": {
    "type": "Point",
    "coordinates": [
     30.0586,
     -1.9516
    ]
   }
  },
  {
   "type": "Feature",
   "properties": {
    "name": "Juba",
    "kind": "capital",
    "country": "South Sudan",
    "pop": 111975,
    "z": 3.9
   },
   "geometry": {
    "type": "Point",
    "coordinates": [
     31.58,
     4.83
    ]
   }
  },
  {
   "type": "Feature",
   "properties": {
    "name": "Bratislava",
    "kind": "capital",
    "country": "Slovakia",
    "pop": 423737,
    "z": 3.9
   },
   "geometry": {
    "type": "Point",
    "coordinates": [
     17.117,
     48.15
    ]
   }
  },
  {
   "type": "Feature",
   "properties": {
    "name": "Roseau",
    "kind": "capital",
    "country": "Dominica",
    "pop": 23336,
    "z": 3.9
   },
   "geometry": {
    "type": "Point",
    "coordinates": [
     -61.387,
     15.301
    ]
   }
  },
  {
   "type": "Feature",
   "properties": {
    "name": "Kyoto",
    "kind": "capital",
    "country": "Japan",
    "pop": 1805000,
    "z": 3.9
   },
   "geometry": {
    "type": "Point",
    "coordinates": [
     135.7481,
     35.0319
    ]
   }
  },
  {
   "type": "Feature",
   "properties": {
    "name": "Kingstown",
    "kind": "capital",
    "country": "Saint Vincent and the Grenadines",
    "pop": 49485,
    "z": 3.9
   },
   "geometry": {
    "type": "Point",
    "coordinates": [
     -61.2121,
     13.1483
    ]
   }
  },
  {
   "type": "Feature",
   "properties": {
    "name": "Saint George's",
    "kind": "capital",
    "country": "Grenada",
    "pop": 33734,
    "z": 3.9
   },
   "geometry": {
    "type": "Point",
    "coordinates": [
     -61.7416,
     12.0526
    ]
   }
  },
  {
   "type": "Feature",
   "properties": {
    "name": "Saint John's",
    "kind": "capital",
    "country": "Antigua and Barbuda",
    "pop": 35499,
    "z": 3.9
   },
   "geometry": {
    "type": "Point",
    "coordinates": [
     -61.85,
     17.118
    ]
   }
  },
  {
   "type": "Feature",
   "properties": {
    "name": "Portland",
    "kind": "city",
    "country": "United States of America",
    "pop": 1875000,
    "z": 4
   },
   "geometry": {
    "type": "Point",
    "coordinates": [
     -122.6819,
     45.522
    ]
   }
  },
  {
   "type": "Feature",
   "properties": {
    "name": "Salt Lake City",
    "kind": "city",
    "country": "United States of America",
    "pop": 966000,
    "z": 4
   },
   "geometry": {
    "type": "Point",
    "coordinates": [
     -111.932,
     40.777
    ]
   }
  },
  {
   "type": "Feature",
   "properties": {
    "name": "Nome",
    "kind": "city",
    "country": "United States of America",
    "pop": 3485,
    "z": 4
   },
   "geometry": {
    "type": "Point",
    "coordinates": [
     -165.4064,
     64.5061
    ]
   }
  },
  {
   "type": "Feature",
   "properties": {
    "name": "Juneau",
    "kind": "city",
    "country": "United States of America",
    "pop": 30711,
    "z": 4
   },
   "geometry": {
    "type": "Point",
    "coordinates": [
     -134.42,
     58.3141
    ]
   }
  },
  {
   "type": "Feature",
   "properties": {
    "name": "Fairbanks",
    "kind": "city",
    "country": "United States of America",
    "pop": 56993,
    "z": 4
   },
   "geometry": {
    "type": "Point",
    "coordinates": [
     -147.7107,
     64.837
    ]
   }
  },
  {
   "type": "Feature",
   "properties": {
    "name": "Sevastopol",
    "kind": "city",
    "country": "Russia",
    "pop": 379200,
    "z": 4
   },
   "geometry": {
    "type": "Point",
    "coordinates": [
     33.465,
     44.6
    ]
   }
  },
  {
   "type": "Feature",
   "properties": {
    "name": "Glasgow",
    "kind": "city",
    "country": "United Kingdom",
    "pop": 1160000,
    "z": 4
   },
   "geometry": {
    "type": "Point",
    "coordinates": [
     -4.2527,
     55.8764
    ]
   }
  },
  {
   "type": "Feature",
   "properties": {
    "name": "Cusco",
    "kind": "city",
    "country": "Peru",
    "pop": 361182,
    "z": 4
   },
   "geometry": {
    "type": "Point",
    "coordinates": [
     -71.9722,
     -13.525
    ]
   }
  },
  {
   "type": "Feature",
   "properties": {
    "name": "Trujillo",
    "kind": "city",
    "country": "Peru",
    "pop": 765171,
    "z": 4
   },
   "geometry": {
    "type": "Point",
    "coordinates": [
     -79.02,
     -8.12
    ]
   }
  },
  {
   "type": "Feature",
   "properties": {
    "name": "Trondheim",
    "kind": "city",
    "country": "Norway",
    "pop": 147139,
    "z": 4
   },
   "geometry": {
    "type": "Point",
    "coordinates": [
     10.4167,
     63.4167
    ]
   }
  },
  {
   "type": "Feature",
   "properties": {
    "name": "Tomsk",
    "kind": "city",
    "country": "Russia",
    "pop": 535479,
    "z": 4
   },
   "geometry": {
    "type": "Point",
    "coordinates": [
     84.975,
     56.495
    ]
   }
  },
  {
   "type": "Feature",
   "properties": {
    "name": "Archangel",
    "kind": "city",
    "country": "Russia",
    "pop": 356051,
    "z": 4
   },
   "geometry": {
    "type": "Point",
    "coordinates": [
     40.545,
     64.575
    ]
   }
  },
  {
   "type": "Feature",
   "properties": {
    "name": "Volgograd",
    "kind": "city",
    "country": "Russia",
    "pop": 984000,
    "z": 4
   },
   "geometry": {
    "type": "Point",
    "coordinates": [
     44.498,
     48.712
    ]
   }
  },
  {
   "type": "Feature",
   "properties": {
    "name": "Surgut",
    "kind": "city",
    "country": "Russia",
    "pop": 400000,
    "z": 4
   },
   "geometry": {
    "type": "Point",
    "coordinates": [
     73.425,
     61.2599
    ]
   }
  },
  {
   "type": "Feature",
   "properties": {
    "name": "Cebu",
    "kind": "city",
    "country": "Philippines",
    "pop": 815000,
    "z": 4
   },
   "geometry": {
    "type": "Point",
    "coordinates": [
     123.8981,
     10.3219
    ]
   }
  },
  {
   "type": "Feature",
   "properties": {
    "name": "Yakutsk",
    "kind": "city",
    "country": "Russia",
    "pop": 235600,
    "z": 4
   },
   "geometry": {
    "type": "Point",
    "coordinates": [
     129.735,
     62.035
    ]
   }
  },
  {
   "type": "Feature",
   "properties": {
    "name": "Tiksi",
    "kind": "city",
    "country": "Russia",
    "pop": 5700,
    "z": 4
   },
   "geometry": {
    "type": "Point",
    "coordinates": [
     128.835,
     71.6269
    ]
   }
  },
  {
   "type": "Feature",
   "properties": {
    "name": "Chihuahua",
    "kind": "city",
    "country": "Mexico",
    "pop": 793000,
    "z": 4
   },
   "geometry": {
    "type": "Point",
    "coordinates": [
     -106.0869,
     28.6469
    ]
   }
  },
  {
   "type": "Feature",
   "properties": {
    "name": "Cancún",
    "kind": "city",
    "country": "Mexico",
    "pop": 542043,
    "z": 4
   },
   "geometry": {
    "type": "Point",
    "coordinates": [
     -86.83,
     21.17
    ]
   }
  },
  {
   "type": "Feature",
   "properties": {
    "name": "Perm",
    "kind": "city",
    "country": "Russia",
    "pop": 997000,
    "z": 4
   },
   "geometry": {
    "type": "Point",
    "coordinates": [
     56.248,
     58.0019
    ]
   }
  },
  {
   "type": "Feature",
   "properties": {
    "name": "Lhasa",
    "kind": "city",
    "country": "China",
    "pop": 219599,
    "z": 4
   },
   "geometry": {
    "type": "Point",
    "coordinates": [
     91.1,
     29.645
    ]
   }
  },
  {
   "type": "Feature",
   "properties": {
    "name": "Hotan",
    "kind": "city",
    "country": "China",
    "pop": 408894,
    "z": 4
   },
   "geometry": {
    "type": "Point",
    "coordinates": [
     79.9269,
     37.0997
    ]
   }
  },
  {
   "type": "Feature",
   "properties": {
    "name": "Qiqihar",
    "kind": "city",
    "country": "China",
    "pop": 1641000,
    "z": 4
   },
   "geometry": {
    "type": "Point",
    "coordinates": [
     123.988,
     47.3469
    ]
   }
  },
  {
   "type": "Feature",
   "properties": {
    "name": "Cayenne",
    "kind": "city",
    "country": "France",
    "pop": 61550,
    "z": 4
   },
   "geometry": {
    "type": "Point",
    "coordinates": [
     -52.33,
     4.933
    ]
   }
  },
  {
   "type": "Feature",
   "properties": {
    "name": "Antofagasta",
    "kind": "city",
    "country": "Chile",
    "pop": 309832,
    "z": 4
   },
   "geometry": {
    "type": "Point",
    "coordinates": [
     -70.4,
     -23.65
    ]
   }
  },
  {
   "type": "Feature",
   "properties": {
    "name": "Valdivia",
    "kind": "city",
    "country": "Chile",
    "pop": 159599,
    "z": 4
   },
   "geometry": {
    "type": "Point",
    "coordinates": [
     -73.245,
     -39.795
    ]
   }
  },
  {
   "type": "Feature",
   "properties": {
    "name": "Nuuk",
    "kind": "city",
    "country": "Greenland",
    "pop": 14798,
    "z": 4
   },
   "geometry": {
    "type": "Point",
    "coordinates": [
     -51.7327,
     64.1983
    ]
   }
  },
  {
   "type": "Feature",
   "properties": {
    "name": "Manaus",
    "kind": "city",
    "country": "Brazil",
    "pop": 1753000,
    "z": 4
   },
   "geometry": {
    "type": "Point",
    "coordinates": [
     -60.002,
     -3.0981
    ]
   }
  },
  {
   "type": "Feature",
   "properties": {
    "name": "Winnipeg",
    "kind": "city",
    "country": "Canada",
    "pop": 632063,
    "z": 4
   },
   "geometry": {
    "type": "Point",
    "coordinates": [
     -97.166,
     49.883
    ]
   }
  },
  {
   "type": "Feature",
   "properties": {
    "name": "Churchill",
    "kind": "city",
    "country": "Canada",
    "pop": 1000,
    "z": 4
   },
   "geometry": {
    "type": "Point",
    "coordinates": [
     -94.166,
     58.766
    ]
   }
  },
  {
   "type": "Feature",
   "properties": {
    "name": "Calgary",
    "kind": "city",
    "country": "Canada",
    "pop": 1110000,
    "z": 4
   },
   "geometry": {
    "type": "Point",
    "coordinates": [
     -114.0819,
     51.0849
    ]
   }
  },
  {
   "type": "Feature",
   "properties": {
    "name": "Prince Rupert",
    "kind": "city",
    "country": "Canada",
    "pop": 14708,
    "z": 4
   },
   "geometry": {
    "type": "Point",
    "coordinates": [
     -130.33,
     54.3167
    ]
   }
  },
  {
   "type": "Feature",
   "properties": {
    "name": "Naujaat",
    "kind": "city",
    "country": "Canada",
    "pop": 1000,
    "z": 4
   },
   "geometry": {
    "type": "Point",
    "coordinates": [
     -86.2829,
     66.5295
    ]
   }
  },
  {
   "type": "Feature",
   "properties": {
    "name": "Yellowknife",
    "kind": "city",
    "country": "Canada",
    "pop": 19234,
    "z": 4
   },
   "geometry": {
    "type": "Point",
    "coordinates": [
     -114.397,
     62.442
    ]
   }
  },
  {
   "type": "Feature",
   "properties": {
    "name": "Whitehorse",
    "kind": "city",
    "country": "Canada",
    "pop": 23276,
    "z": 4
   },
   "geometry": {
    "type": "Point",
    "coordinates": [
     -135.05,
     60.7167
    ]
   }
  },
  {
   "type": "Feature",
   "properties": {
    "name": "Québec",
    "kind": "city",
    "country": "Canada",
    "pop": 624177,
    "z": 4
   },
   "geometry": {
    "type": "Point",
    "coordinates": [
     -71.2456,
     46.84
    ]
   }
  },
  {
   "type": "Feature",
   "properties": {
    "name": "Halifax",
    "kind": "city",
    "country": "Canada",
    "pop": 359111,
    "z": 4
   },
   "geometry": {
    "type": "Point",
    "coordinates": [
     -63.6,
     44.65
    ]
   }
  },
  {
   "type": "Feature",
   "properties": {
    "name": "St. John's",
    "kind": "city",
    "country": "Canada",
    "pop": 131469,
    "z": 4
   },
   "geometry": {
    "type": "Point",
    "coordinates": [
     -52.681,
     47.585
    ]
   }
  },
  {
   "type": "Feature",
   "properties": {
    "name": "Córdoba",
    "kind": "city",
    "country": "Argentina",
    "pop": 1452000,
    "z": 4
   },
   "geometry": {
    "type": "Point",
    "coordinates": [
     -64.1842,
     -31.398
    ]
   }
  },
  {
   "type": "Feature",
   "properties": {
    "name": "Brisbane",
    "kind": "city",
    "country": "Australia",
    "pop": 1860000,
    "z": 4
   },
   "geometry": {
    "type": "Point",
    "coordinates": [
     153.0331,
     -27.4531
    ]
   }
  },
  {
   "type": "Feature",
   "properties": {
    "name": "Christchurch",
    "kind": "city",
    "country": "New Zealand",
    "pop": 363200,
    "z": 4
   },
   "geometry": {
    "type": "Point",
    "coordinates": [
     172.63,
     -43.535
    ]
   }
  },
  {
   "type": "Feature",
   "properties": {
    "name": "Minneapolis",
    "kind": "city",
    "country": "United States of America",
    "pop": 2616000,
    "z": 4
   },
   "geometry": {
    "type": "Point",
    "coordinates": [
     -93.2537,
     44.9819
    ]
   }
  },
  {
   "type": "Feature",
   "properties": {
    "name": "Honolulu",
    "kind": "city",
    "country": "United States of America",
    "pop": 786000,
    "z": 4
   },
   "geometry": {
    "type": "Point",
    "coordinates": [
     -157.8599,
     21.3088
    ]
   }
  },
  {
   "type": "Feature",
   "properties": {
    "name": "Seattle",
    "kind": "city",
    "country": "United States of America",
    "pop": 3074000,
    "z": 4
   },
   "geometry": {
    "type": "Point",
    "coordinates": [
     -122.3419,
     47.5719
    ]
   }
  },
  {
   "type": "Feature",
   "properties": {
    "name": "Phoenix",
    "kind": "city",
    "country": "United States of America",
    "pop": 3551000,
    "z": 4
   },
   "geometry": {
    "type": "Point",
    "coordinates": [
     -112.0719,
     33.5419
    ]
   }
  },
  {
   "type": "Feature",
   "properties": {
    "name": "San Diego",
    "kind": "city",
    "country": "United States of America",
    "pop": 2916000,
    "z": 4
   },
   "geometry": {
    "type": "Point",
    "coordinates": [
     -117.1819,
     32.822
    ]
   }
  },
  {
   "type": "Feature",
   "properties": {
    "name": "St. Louis",
    "kind": "city",
    "country": "United States of America",
    "pop": 2199000,
    "z": 4
   },
   "geometry": {
    "type": "Point",
    "coordinates": [
     -90.2419,
     38.637
    ]
   }
  },
  {
   "type": "Feature",
   "properties": {
    "name": "New Orleans",
    "kind": "city",
    "country": "United States of America",
    "pop": 785000,
    "z": 4
   },
   "geometry": {
    "type": "Point",
    "coordinates": [
     -90.0419,
     29.9969
    ]
   }
  },
  {
   "type": "Feature",
   "properties": {
    "name": "Dallas",
    "kind": "city",
    "country": "United States of America",
    "pop": 4798000,
    "z": 4
   },
   "geometry": {
    "type": "Point",
    "coordinates": [
     -96.842,
     32.822
    ]
   }
  },
  {
   "type": "Feature",
   "properties": {
    "name": "Maracaibo",
    "kind": "city",
    "country": "Venezuela",
    "pop": 2072000,
    "z": 4
   },
   "geometry": {
    "type": "Point",
    "coordinates": [
     -71.6619,
     10.7319
    ]
   }
  },
  {
   "type": "Feature",
   "properties": {
    "name": "Boston",
    "kind": "city",
    "country": "United States of America",
    "pop": 4467000,
    "z": 4
   },
   "geometry": {
    "type": "Point",
    "coordinates": [
     -71.072,
     42.3319
    ]
   }
  },
  {
   "type": "Feature",
   "properties": {
    "name": "Detroit",
    "kind": "city",
    "country": "United States of America",
    "pop": 4101000,
    "z": 4
   },
   "geometry": {
    "type": "Point",
    "coordinates": [
     -83.082,
     42.3319
    ]
   }
  },
  {
   "type": "Feature",
   "properties": {
    "name": "Ho Chi Minh City",
    "kind": "city",
    "country": "Vietnam",
    "pop": 5314000,
    "z": 4
   },
   "geometry": {
    "type": "Point",
    "coordinates": [
     106.6931,
     10.782
    ]
   }
  },
  {
   "type": "Feature",
   "properties": {
    "name": "Barcelona",
    "kind": "city",
    "country": "Spain",
    "pop": 4920000,
    "z": 4
   },
   "geometry": {
    "type": "Point",
    "coordinates": [
     2.1814,
     41.3852
    ]
   }
  },
  {
   "type": "Feature",
   "properties": {
    "name": "Jeddah",
    "kind": "city",
    "country": "Saudi Arabia",
    "pop": 3012000,
    "z": 4
   },
   "geometry": {
    "type": "Point",
    "coordinates": [
     39.2173,
     21.5188
    ]
   }
  },
  {
   "type": "Feature",
   "properties": {
    "name": "Lahore",
    "kind": "city",
    "country": "Pakistan",
    "pop": 6577000,
    "z": 4
   },
   "geometry": {
    "type": "Point",
    "coordinates": [
     74.3481,
     31.5619
    ]
   }
  },
  {
   "type": "Feature",
   "properties": {
    "name": "Karachi",
    "kind": "city",
    "country": "Pakistan",
    "pop": 12130000,
    "z": 4
   },
   "geometry": {
    "type": "Point",
    "coordinates": [
     66.9881,
     24.8719
    ]
   }
  },
  {
   "type": "Feature",
   "properties": {
    "name": "Durban",
    "kind": "city",
    "country": "South Africa",
    "pop": 2729000,
    "z": 4
   },
   "geometry": {
    "type": "Point",
    "coordinates": [
     30.9781,
     -29.8631
    ]
   }
  },
  {
   "type": "Feature",
   "properties": {
    "name": "Guadalajara",
    "kind": "city",
    "country": "Mexico",
    "pop": 4198000,
    "z": 4
   },
   "geometry": {
    "type": "Point",
    "coordinates": [
     -103.332,
     20.672
    ]
   }
  },
  {
   "type": "Feature",
   "properties": {
    "name": "Puebla",
    "kind": "city",
    "country": "Mexico",
    "pop": 2195000,
    "z": 4
   },
   "geometry": {
    "type": "Point",
    "coordinates": [
     -98.202,
     19.0519
    ]
   }
  },
  {
   "type": "Feature",
   "properties": {
    "name": "Medan",
    "kind": "city",
    "country": "Indonesia",
    "pop": 2115000,
    "z": 4
   },
   "geometry": {
    "type": "Point",
    "coordinates": [
     98.6481,
     3.5819
    ]
   }
  },
  {
   "type": "Feature",
   "properties": {
    "name": "Lanzhou",
    "kind": "city",
    "country": "China",
    "pop": 2561000,
    "z": 4
   },
   "geometry": {
    "type": "Point",
    "coordinates": [
     103.7901,
     36.058
    ]
   }
  },
  {
   "type": "Feature",
   "properties": {
    "name": "Nanning",
    "kind": "city",
    "country": "China",
    "pop": 2167000,
    "z": 4
   },
   "geometry": {
    "type": "Point",
    "coordinates": [
     108.3181,
     22.8219
    ]
   }
  },
  {
   "type": "Feature",
   "properties": {
    "name": "Chongqing",
    "kind": "city",
    "country": "China",
    "pop": 6461000,
    "z": 4
   },
   "geometry": {
    "type": "Point",
    "coordinates": [
     106.593,
     29.5669
    ]
   }
  },
  {
   "type": "Feature",
   "properties": {
    "name": "Guangzhou",
    "kind": "city",
    "country": "China",
    "pop": 8829000,
    "z": 4
   },
   "geometry": {
    "type": "Point",
    "coordinates": [
     113.3231,
     23.1469
    ]
   }
  },
  {
   "type": "Feature",
   "properties": {
    "name": "Surabaya",
    "kind": "city",
    "country": "Indonesia",
    "pop": 2845000,
    "z": 4
   },
   "geometry": {
    "type": "Point",
    "coordinates": [
     112.7489,
     -7.2473
    ]
   }
  },
  {
   "type": "Feature",
   "properties": {
    "name": "Medellín",
    "kind": "city",
    "country": "Colombia",
    "pop": 3297000,
    "z": 4
   },
   "geometry": {
    "type": "Point",
    "coordinates": [
     -75.577,
     6.2769
    ]
   }
  },
  {
   "type": "Feature",
   "properties": {
    "name": "Cali",
    "kind": "city",
    "country": "Colombia",
    "pop": 2254000,
    "z": 4
   },
   "geometry": {
    "type": "Point",
    "coordinates": [
     -76.5019,
     3.4019
    ]
   }
  },
  {
   "type": "Feature",
   "properties": {
    "name": "Alexandria",
    "kind": "city",
    "country": "Egypt",
    "pop": 4165000,
    "z": 4
   },
   "geometry": {
    "type": "Point",
    "coordinates": [
     29.948,
     31.202
    ]
   }
  },
  {
   "type": "Feature",
   "properties": {
    "name": "Frankfurt",
    "kind": "city",
    "country": "Germany",
    "pop": 2895000,
    "z": 4
   },
   "geometry": {
    "type": "Point",
    "coordinates": [
     8.675,
     50.1
    ]
   }
  },
  {
   "type": "Feature",
   "properties": {
    "name": "Taiyuan",
    "kind": "city",
    "country": "China",
    "pop": 2913000,
    "z": 4
   },
   "geometry": {
    "type": "Point",
    "coordinates": [
     112.5431,
     37.877
    ]
   }
  },
  {
   "type": "Feature",
   "properties": {
    "name": "Wuhan",
    "kind": "city",
    "country": "China",
    "pop": 7243000,
    "z": 4
   },
   "geometry": {
    "type": "Point",
    "coordinates": [
     114.2681,
     30.582
    ]
   }
  },
  {
   "type": "Feature",
   "properties": {
    "name": "Kunming",
    "kind": "city",
    "country": "China",
    "pop": 2931000,
    "z": 4
   },
   "geometry": {
    "type": "Point",
    "coordinates": [
     102.678,
     25.0719
    ]
   }
  },
  {
   "type": "Feature",
   "properties": {
    "name": "Zhengzhou",
    "kind": "city",
    "country": "China",
    "pop": 2636000,
    "z": 4
   },
   "geometry": {
    "type": "Point",
    "coordinates": [
     113.6631,
     34.7569
    ]
   }
  },
  {
   "type": "Feature",
   "properties": {
    "name": "Shenyeng",
    "kind": "city",
    "country": "China",
    "pop": 4787000,
    "z": 4
   },
   "geometry": {
    "type": "Point",
    "coordinates": [
     123.448,
     41.8069
    ]
   }
  },
  {
   "type": "Feature",
   "properties": {
    "name": "Jinan",
    "kind": "city",
    "country": "China",
    "pop": 2798000,
    "z": 4
   },
   "geometry": {
    "type": "Point",
    "coordinates": [
     116.9931,
     36.6769
    ]
   }
  },
  {
   "type": "Feature",
   "properties": {
    "name": "Tianjin",
    "kind": "city",
    "country": "China",
    "pop": 7180000,
    "z": 4
   },
   "geometry": {
    "type": "Point",
    "coordinates": [
     117.1981,
     39.132
    ]
   }
  },
  {
   "type": "Feature",
   "properties": {
    "name": "Nanjing",
    "kind": "city",
    "country": "China",
    "pop": 3679000,
    "z": 4
   },
   "geometry": {
    "type": "Point",
    "coordinates": [
     118.778,
     32.052
    ]
   }
  },
  {
   "type": "Feature",
   "properties": {
    "name": "Hangzhou",
    "kind": "city",
    "country": "China",
    "pop": 3007000,
    "z": 4
   },
   "geometry": {
    "type": "Point",
    "coordinates": [
     120.1681,
     30.2519
    ]
   }
  },
  {
   "type": "Feature",
   "properties": {
    "name": "Hiroshima",
    "kind": "city",
    "country": "Japan",
    "pop": 2045000,
    "z": 4
   },
   "geometry": {
    "type": "Point",
    "coordinates": [
     132.441,
     34.3898
    ]
   }
  },
  {
   "type": "Feature",
   "properties": {
    "name": "Changchun",
    "kind": "city",
    "country": "China",
    "pop": 3183000,
    "z": 4
   },
   "geometry": {
    "type": "Point",
    "coordinates": [
     125.338,
     43.867
    ]
   }
  },
  {
   "type": "Feature",
   "properties": {
    "name": "Baotou",
    "kind": "city",
    "country": "China",
    "pop": 2036000,
    "z": 4
   },
   "geometry": {
    "type": "Point",
    "coordinates": [
     109.8201,
     40.6542
    ]
   }
  },
  {
   "type": "Feature",
   "properties": {
    "name": "Sapporo",
    "kind": "city",
    "country": "Japan",
    "pop": 2544000,
    "z": 4
   },
   "geometry": {
    "type": "Point",
    "coordinates": [
     141.3381,
     43.0769
    ]
   }
  },
  {
   "type": "Feature",
   "properties": {
    "name": "Delhi",
    "kind": "city",
    "country": "India",
    "pop": 15926000,
    "z": 4
   },
   "geometry": {
    "type": "Point",
    "coordinates": [
     77.2281,
     28.6719
    ]
   }
  },
  {
   "type": "Feature",
   "properties": {
    "name": "Hyderabad",
    "kind": "city",
    "country": "India",
    "pop": 6376000,
    "z": 4
   },
   "geometry": {
    "type": "Point",
    "coordinates": [
     78.478,
     17.4019
    ]
   }
  },
  {
   "type": "Feature",
   "properties": {
    "name": "Pune",
    "kind": "city",
    "country": "India",
    "pop": 4672000,
    "z": 4
   },
   "geometry": {
    "type": "Point",
    "coordinates": [
     73.8481,
     18.532
    ]
   }
  },
  {
   "type": "Feature",
   "properties": {
    "name": "Nagpur",
    "kind": "city",
    "country": "India",
    "pop": 2454000,
    "z": 4
   },
   "geometry": {
    "type": "Point",
    "coordinates": [
     79.088,
     21.1719
    ]
   }
  },
  {
   "type": "Feature",
   "properties": {
    "name": "Mashhad",
    "kind": "city",
    "country": "Iran",
    "pop": 2469000,
    "z": 4
   },
   "geometry": {
    "type": "Point",
    "coordinates": [
     59.5681,
     36.272
    ]
   }
  },
  {
   "type": "Feature",
   "properties": {
    "name": "Jaipur",
    "kind": "city",
    "country": "India",
    "pop": 2917000,
    "z": 4
   },
   "geometry": {
    "type": "Point",
    "coordinates": [
     75.808,
     26.9231
    ]
   }
  },
  {
   "type": "Feature",
   "properties": {
    "name": "Kanpur",
    "kind": "city",
    "country": "India",
    "pop": 3162000,
    "z": 4
   },
   "geometry": {
    "type": "Point",
    "coordinates": [
     80.318,
     26.4619
    ]
   }
  },
  {
   "type": "Feature",
   "properties": {
    "name": "Chennai",
    "kind": "city",
    "country": "India",
    "pop": 7163000,
    "z": 4
   },
   "geometry": {
    "type": "Point",
    "coordinates": [
     80.2781,
     13.0919
    ]
   }
  },
  {
   "type": "Feature",
   "properties": {
    "name": "Surat",
    "kind": "city",
    "country": "India",
    "pop": 3842000,
    "z": 4
   },
   "geometry": {
    "type": "Point",
    "coordinates": [
     72.8381,
     21.2019
    ]
   }
  },
  {
   "type": "Feature",
   "properties": {
    "name": "Belém",
    "kind": "city",
    "country": "Brazil",
    "pop": 2167000,
    "z": 4
   },
   "geometry": {
    "type": "Point",
    "coordinates": [
     -48.482,
     -1.4481
    ]
   }
  },
  {
   "type": "Feature",
   "properties": {
    "name": "Porto Alegre",
    "kind": "city",
    "country": "Brazil",
    "pop": 3917000,
    "z": 4
   },
   "geometry": {
    "type": "Point",
    "coordinates": [
     -51.202,
     -30.0481
    ]
   }
  },
  {
   "type": "Feature",
   "properties": {
    "name": "Curitiba",
    "kind": "city",
    "country": "Brazil",
    "pop": 3084000,
    "z": 4
   },
   "geometry": {
    "type": "Point",
    "coordinates": [
     -49.3219,
     -25.4181
    ]
   }
  },
  {
   "type": "Feature",
   "properties": {
    "name": "Fortaleza",
    "kind": "city",
    "country": "Brazil",
    "pop": 3602319,
    "z": 4
   },
   "geometry": {
    "type": "Point",
    "coordinates": [
     -38.5819,
     -3.7481
    ]
   }
  },
  {
   "type": "Feature",
   "properties": {
    "name": "Edmonton",
    "kind": "city",
    "country": "Canada",
    "pop": 1058000,
    "z": 4
   },
   "geometry": {
    "type": "Point",
    "coordinates": [
     -113.5019,
     53.552
    ]
   }
  },
  {
   "type": "Feature",
   "properties": {
    "name": "Montréal",
    "kind": "city",
    "country": "Canada",
    "pop": 3678000,
    "z": 4
   },
   "geometry": {
    "type": "Point",
    "coordinates": [
     -73.5852,
     45.5019
    ]
   }
  },
  {
   "type": "Feature",
   "properties": {
    "name": "Chattogram",
    "kind": "city",
    "country": "Bangladesh",
    "pop": 4529000,
    "z": 4
   },
   "geometry": {
    "type": "Point",
    "coordinates": [
     91.798,
     22.3319
    ]
   }
  },
  {
   "type": "Feature",
   "properties": {
    "name": "Mbabane",
    "kind": "capital",
    "country": "eSwatini",
    "pop": 90138,
    "z": 4.4
   },
   "geometry": {
    "type": "Point",
    "coordinates": [
     31.1333,
     -26.3167
    ]
   }
  },
  {
   "type": "Feature",
   "properties": {
    "name": "The Hague",
    "kind": "capital",
    "country": "Netherlands",
    "pop": 1406000,
    "z": 4.4
   },
   "geometry": {
    "type": "Point",
    "coordinates": [
     4.27,
     52.08
    ]
   }
  },
  {
   "type": "Feature",
   "properties": {
    "name": "Ljubljana",
    "kind": "capital",
    "country": "Slovenia",
    "pop": 314807,
    "z": 4.4
   },
   "geometry": {
    "type": "Point",
    "coordinates": [
     14.515,
     46.0553
    ]
   }
  },
  {
   "type": "Feature",
   "properties": {
    "name": "Doha",
    "kind": "capital",
    "country": "Qatar",
    "pop": 1450000,
    "z": 4.4
   },
   "geometry": {
    "type": "Point",
    "coordinates": [
     51.533,
     25.2866
    ]
   }
  },
  {
   "type": "Feature",
   "properties": {
    "name": "Podgorica",
    "kind": "capital",
    "country": "Montenegro",
    "pop": 145850,
    "z": 4.4
   },
   "geometry": {
    "type": "Point",
    "coordinates": [
     19.2663,
     42.466
    ]
   }
  },
  {
   "type": "Feature",
   "properties": {
    "name": "Sri Jayawardenepura Kotte",
    "kind": "capital",
    "country": "Sri Lanka",
    "pop": 115826,
    "z": 4.4
   },
   "geometry": {
    "type": "Point",
    "coordinates": [
     79.95,
     6.9
    ]
   }
  },
  {
   "type": "Feature",
   "properties": {
    "name": "Baguio",
    "kind": "capital",
    "country": "Philippines",
    "pop": 447824,
    "z": 4.4
   },
   "geometry": {
    "type": "Point",
    "coordinates": [
     120.5699,
     16.43
    ]
   }
  },
  {
   "type": "Feature",
   "properties": {
    "name": "Dodoma",
    "kind": "capital",
    "country": "Tanzania",
    "pop": 218269,
    "z": 4.4
   },
   "geometry": {
    "type": "Point",
    "coordinates": [
     35.75,
     -6.1833
    ]
   }
  },
  {
   "type": "Feature",
   "properties": {
    "name": "Bern",
    "kind": "capital",
    "country": "Switzerland",
    "pop": 275329,
    "z": 4.4
   },
   "geometry": {
    "type": "Point",
    "coordinates": [
     7.467,
     46.9167
    ]
   }
  },
  {
   "type": "Feature",
   "properties": {
    "name": "Laayoune",
    "kind": "capital",
    "country": "Morocco",
    "pop": 188084,
    "z": 4.4
   },
   "geometry": {
    "type": "Point",
    "coordinates": [
     -13.2,
     27.15
    ]
   }
  },
  {
   "type": "Feature",
   "properties": {
    "name": "Pristina",
    "kind": "capital",
    "country": "Kosovo",
    "pop": 465186,
    "z": 4.4
   },
   "geometry": {
    "type": "Point",
    "coordinates": [
     21.166,
     42.6667
    ]
   }
  },
  {
   "type": "Feature",
   "properties": {
    "name": "Djibouti",
    "kind": "capital",
    "country": "Djibouti",
    "pop": 923000,
    "z": 4.4
   },
   "geometry": {
    "type": "Point",
    "coordinates": [
     43.148,
     11.595
    ]
   }
  },
  {
   "type": "Feature",
   "properties": {
    "name": "Putrajaya",
    "kind": "capital",
    "country": "Malaysia",
    "pop": 67964,
    "z": 4.4
   },
   "geometry": {
    "type": "Point",
    "coordinates": [
     101.7019,
     2.914
    ]
   }
  },
  {
   "type": "Feature",
   "properties": {
    "name": "Banjul",
    "kind": "capital",
    "country": "The Gambia",
    "pop": 43094,
    "z": 4.4
   },
   "geometry": {
    "type": "Point",
    "coordinates": [
     -16.5917,
     13.4539
    ]
   }
  },
  {
   "type": "Feature",
   "properties": {
    "name": "Skopje",
    "kind": "capital",
    "country": "North Macedonia",
    "pop": 494087,
    "z": 4.4
   },
   "geometry": {
    "type": "Point",
    "coordinates": [
     21.4335,
     42
    ]
   }
  },
  {
   "type": "Feature",
   "properties": {
    "name": "Bridgetown",
    "kind": "capital",
    "country": "Barbados",
    "pop": 191152,
    "z": 4.4
   },
   "geometry": {
    "type": "Point",
    "coordinates": [
     -59.6165,
     13.102
    ]
   }
  },
  {
   "type": "Feature",
   "properties": {
    "name": "Porto-Novo",
    "kind": "capital",
    "country": "Benin",
    "pop": 300000,
    "z": 4.4
   },
   "geometry": {
    "type": "Point",
    "coordinates": [
     2.6166,
     6.4833
    ]
   }
  },
  {
   "type": "Feature",
   "properties": {
    "name": "Bujumbura",
    "kind": "capital",
    "country": "Burundi",
    "pop": 331700,
    "z": 4.4
   },
   "geometry": {
    "type": "Point",
    "coordinates": [
     29.36,
     -3.3761
    ]
   }
  },
  {
   "type": "Feature",
   "properties": {
    "name": "Castries",
    "kind": "capital",
    "country": "Saint Lucia",
    "pop": 37963,
    "z": 4.4
   },
   "geometry": {
    "type": "Point",
    "coordinates": [
     -61,
     14.002
    ]
   }
  },
  {
   "type": "Feature",
   "properties": {
    "name": "Basseterre",
    "kind": "capital",
    "country": "Saint Kitts and Nevis",
    "pop": 21887,
    "z": 4.4
   },
   "geometry": {
    "type": "Point",
    "coordinates": [
     -62.717,
     17.302
    ]
   }
  },
  {
   "type": "Feature",
   "properties": {
    "name": "Port Louis",
    "kind": "capital",
    "country": "Mauritius",
    "pop": 595491,
    "z": 4.4
   },
   "geometry": {
    "type": "Point",
    "coordinates": [
     57.5,
     -20.1666
    ]
   }
  },
  {
   "type": "Feature",
   "properties": {
    "name": "Manama",
    "kind": "capital",
    "country": "Bahrain",
    "pop": 563920,
    "z": 4.4
   },
   "geometry": {
    "type": "Point",
    "coordinates": [
     50.5831,
     26.2361
    ]
   }
  },
  {
   "type": "Feature",
   "properties": {
    "name": "Valencia",
    "kind": "city",
    "country": "Spain",
    "pop": 808000,
    "z": 4.7
   },
   "geometry": {
    "type": "Point",
    "coordinates": [
     -0.402,
     39.487
    ]
   }
  },
  {
   "type": "Feature",
   "properties": {
    "name": "Xining",
    "kind": "city",
    "country": "China",
    "pop": 1048000,
    "z": 4.7
   },
   "geometry": {
    "type": "Point",
    "coordinates": [
     101.7681,
     36.6219
    ]
   }
  },
  {
   "type": "Feature",
   "properties": {
    "name": "Lyon",
    "kind": "city",
    "country": "France",
    "pop": 1423000,
    "z": 4.7
   },
   "geometry": {
    "type": "Point",
    "coordinates": [
     4.8281,
     45.772
    ]
   }
  },
  {
   "type": "Feature",
   "properties": {
    "name": "Banghazi",
    "kind": "city",
    "country": "Libya",
    "pop": 1180000,
    "z": 4.7
   },
   "geometry": {
    "type": "Point",
    "coordinates": [
     20.0648,
     32.1187
    ]
   }
  },
  {
   "type": "Feature",
   "properties": {
    "name": "Shenzhen",
    "kind": "city",
    "country": "China",
    "pop": 7581000,
    "z": 4.7
   },
   "geometry": {
    "type": "Point",
    "coordinates": [
     114.1202,
     22.5543
    ]
   }
  },
  {
   "type": "Feature",
   "properties": {
    "name": "Zibo",
    "kind": "city",
    "country": "China",
    "pop": 3061000,
    "z": 4.7
   },
   "geometry": {
    "type": "Point",
    "coordinates": [
     118.048,
     36.8019
    ]
   }
  },
  {
   "type": "Feature",
   "properties": {
    "name": "Aleppo",
    "kind": "city",
    "country": "Syria",
    "pop": 2738000,
    "z": 4.7
   },
   "geometry": {
    "type": "Point",
    "coordinates": [
     37.1681,
     36.2319
    ]
   }
  },
  {
   "type": "Feature",
   "properties": {
    "name": "Zürich",
    "kind": "city",
    "country": "Switzerland",
    "pop": 1108000,
    "z": 4.7
   },
   "geometry": {
    "type": "Point",
    "coordinates": [
     8.5481,
     47.3819
    ]
   }
  },
  {
   "type": "Feature",
   "properties": {
    "name": "Kano",
    "kind": "city",
    "country": "Nigeria",
    "pop": 3140000,
    "z": 4.7
   },
   "geometry": {
    "type": "Point",
    "coordinates": [
     8.5181,
     12.0019
    ]
   }
  },
  {
   "type": "Feature",
   "properties": {
    "name": "Naples",
    "kind": "city",
    "country": "Italy",
    "pop": 2250000,
    "z": 4.7
   },
   "geometry": {
    "type": "Point",
    "coordinates": [
     14.2431,
     40.842
    ]
   }
  },
  {
   "type": "Feature",
   "properties": {
    "name": "Milan",
    "kind": "city",
    "country": "Italy",
    "pop": 2945000,
    "z": 4.7
   },
   "geometry": {
    "type": "Point",
    "coordinates": [
     9.2031,
     45.4719
    ]
   }
  },
  {
   "type": "Feature",
   "properties": {
    "name": "Guiyang",
    "kind": "city",
    "country": "China",
    "pop": 3662000,
    "z": 4.7
   },
   "geometry": {
    "type": "Point",
    "coordinates": [
     106.7181,
     26.582
    ]
   }
  },
  {
   "type": "Feature",
   "properties": {
    "name": "Fuzhou",
    "kind": "city",
    "country": "China",
    "pop": 2606000,
    "z": 4.7
   },
   "geometry": {
    "type": "Point",
    "coordinates": [
     119.2981,
     26.0819
    ]
   }
  },
  {
   "type": "Feature",
   "properties": {
    "name": "Bandung",
    "kind": "city",
    "country": "Indonesia",
    "pop": 2394000,
    "z": 4.7
   },
   "geometry": {
    "type": "Point",
    "coordinates": [
     107.5681,
     -6.9481
    ]
   }
  },
  {
   "type": "Feature",
   "properties": {
    "name": "Guayaquil",
    "kind": "city",
    "country": "Ecuador",
    "pop": 2514000,
    "z": 4.7
   },
   "geometry": {
    "type": "Point",
    "coordinates": [
     -79.922,
     -2.2181
    ]
   }
  },
  {
   "type": "Feature",
   "properties": {
    "name": "Munich",
    "kind": "city",
    "country": "Germany",
    "pop": 1275000,
    "z": 4.7
   },
   "geometry": {
    "type": "Point",
    "coordinates": [
     11.573,
     48.1319
    ]
   }
  },
  {
   "type": "Feature",
   "properties": {
    "name": "Changsha",
    "kind": "city",
    "country": "China",
    "pop": 2604000,
    "z": 4.7
   },
   "geometry": {
    "type": "Point",
    "coordinates": [
     112.968,
     28.2019
    ]
   }
  },
  {
   "type": "Feature",
   "properties": {
    "name": "Nanchang",
    "kind": "city",
    "country": "China",
    "pop": 2350000,
    "z": 4.7
   },
   "geometry": {
    "type": "Point",
    "coordinates": [
     115.8781,
     28.6819
    ]
   }
  },
  {
   "type": "Feature",
   "properties": {
    "name": "Patna",
    "kind": "city",
    "country": "India",
    "pop": 2158000,
    "z": 4.7
   },
   "geometry": {
    "type": "Point",
    "coordinates": [
     85.1281,
     25.6269
    ]
   }
  },
  {
   "type": "Feature",
   "properties": {
    "name": "Ahmedabad",
    "kind": "city",
    "country": "India",
    "pop": 5375000,
    "z": 4.7
   },
   "geometry": {
    "type": "Point",
    "coordinates": [
     72.5781,
     23.032
    ]
   }
  },
  {
   "type": "Feature",
   "properties": {
    "name": "Goiânia",
    "kind": "city",
    "country": "Brazil",
    "pop": 2022000,
    "z": 4.7
   },
   "geometry": {
    "type": "Point",
    "coordinates": [
     -49.302,
     -16.7181
    ]
   }
  },
  {
   "type": "Feature",
   "properties": {
    "name": "Lobamba",
    "kind": "capital",
    "country": "eSwatini",
    "pop": 9782,
    "z": 4.8
   },
   "geometry": {
    "type": "Point",
    "coordinates": [
     31.2,
     -26.4667
    ]
   }
  },
  {
   "type": "Feature",
   "properties": {
    "name": "Luxembourg",
    "kind": "capital",
    "country": "Luxembourg",
    "pop": 107260,
    "z": 4.8
   },
   "geometry": {
    "type": "Point",
    "coordinates": [
     6.13,
     49.6117
    ]
   }
  },
  {
   "type": "Feature",
   "properties": {
    "name": "Palikir",
    "kind": "capital",
    "country": "Federated States of Micronesia",
    "pop": 4645,
    "z": 4.8
   },
   "geometry": {
    "type": "Point",
    "coordinates": [
     158.15,
     6.9166
    ]
   }
  },
  {
   "type": "Feature",
   "properties": {
    "name": "Majuro",
    "kind": "capital",
    "country": "Marshall Islands",
    "pop": 25400,
    "z": 4.8
   },
   "geometry": {
    "type": "Point",
    "coordinates": [
     171.38,
     7.103
    ]
   }
  },
  {
   "type": "Feature",
   "properties": {
    "name": "Funafuti",
    "kind": "capital",
    "country": "Tuvalu",
    "pop": 4749,
    "z": 4.8
   },
   "geometry": {
    "type": "Point",
    "coordinates": [
     179.2166,
     -8.5167
    ]
   }
  },
  {
   "type": "Feature",
   "properties": {
    "name": "Melekeok",
    "kind": "capital",
    "country": "Palau",
    "pop": 7026,
    "z": 4.8
   },
   "geometry": {
    "type": "Point",
    "coordinates": [
     134.6265,
     7.4874
    ]
   }
  },
  {
   "type": "Feature",
   "properties": {
    "name": "Bir Lehlou",
    "kind": "capital",
    "country": "Western Sahara",
    "pop": 500,
    "z": 4.8
   },
   "geometry": {
    "type": "Point",
    "coordinates": [
     -9.6525,
     26.1192
    ]
   }
  },
  {
   "type": "Feature",
   "properties": {
    "name": "Tarawa",
    "kind": "capital",
    "country": "Kiribati",
    "pop": 28802,
    "z": 4.8
   },
   "geometry": {
    "type": "Point",
    "coordinates": [
     173.0176,
     1.3382
    ]
   }
  },
  {
   "type": "Feature",
   "properties": {
    "name": "Moroni",
    "kind": "capital",
    "country": "Comoros",
    "pop": 128698,
    "z": 4.8
   },
   "geometry": {
    "type": "Point",
    "coordinates": [
     43.2402,
     -11.7042
    ]
   }
  },
  {
   "type": "Feature",
   "properties": {
    "name": "Andorra",
    "kind": "capital",
    "country": "Andorra",
    "pop": 53998,
    "z": 4.8
   },
   "geometry": {
    "type": "Point",
    "coordinates": [
     1.5165,
     42.5
    ]
   }
  },
  {
   "type": "Feature",
   "properties": {
    "name": "San Marino",
    "kind": "capital",
    "country": "San Marino",
    "pop": 29579,
    "z": 4.9
   },
   "geometry": {
    "type": "Point",
    "coordinates": [
     12.4418,
     43.9361
    ]
   }
  },
  {
   "type": "Feature",
   "properties": {
    "name": "Manchester",
    "kind": "city",
    "country": "United Kingdom",
    "pop": 2230000,
    "z": 5
   },
   "geometry": {
    "type": "Point",
    "coordinates": [
     -2.2499,
     53.5024
    ]
   }
  },
  {
   "type": "Feature",
   "properties": {
    "name": "Eureka",
    "kind": "city",
    "country": "United States of America",
    "pop": 42398,
    "z": 5
   },
   "geometry": {
    "type": "Point",
    "coordinates": [
     -124.1475,
     40.8022
    ]
   }
  },
  {
   "type": "Feature",
   "properties": {
    "name": "Richmond",
    "kind": "city",
    "country": "United States of America",
    "pop": 912000,
    "z": 5
   },
   "geometry": {
    "type": "Point",
    "coordinates": [
     -77.4519,
     37.552
    ]
   }
  },
  {
   "type": "Feature",
   "properties": {
    "name": "Donetsk",
    "kind": "city",
    "country": "Ukraine",
    "pop": 988000,
    "z": 5
   },
   "geometry": {
    "type": "Point",
    "coordinates": [
     37.828,
     48.0019
    ]
   }
  },
  {
   "type": "Feature",
   "properties": {
    "name": "Birmingham",
    "kind": "city",
    "country": "United Kingdom",
    "pop": 2285000,
    "z": 5
   },
   "geometry": {
    "type": "Point",
    "coordinates": [
     -1.9219,
     52.4769
    ]
   }
  },
  {
   "type": "Feature",
   "properties": {
    "name": "Belfast",
    "kind": "city",
    "country": "United Kingdom",
    "pop": 450406,
    "z": 5
   },
   "geometry": {
    "type": "Point",
    "coordinates": [
     -5.96,
     54.6
    ]
   }
  },
  {
   "type": "Feature",
   "properties": {
    "name": "Bilbao",
    "kind": "city",
    "country": "Spain",
    "pop": 875552,
    "z": 5
   },
   "geometry": {
    "type": "Point",
    "coordinates": [
     -2.93,
     43.25
    ]
   }
  },
  {
   "type": "Feature",
   "properties": {
    "name": "Kaliningrad",
    "kind": "city",
    "country": "Russia",
    "pop": 434954,
    "z": 5
   },
   "geometry": {
    "type": "Point",
    "coordinates": [
     20.4973,
     54.7
    ]
   }
  },
  {
   "type": "Feature",
   "properties": {
    "name": "Grozny",
    "kind": "city",
    "country": "Russia",
    "pop": 226100,
    "z": 5
   },
   "geometry": {
    "type": "Point",
    "coordinates": [
     45.6987,
     43.3187
    ]
   }
  },
  {
   "type": "Feature",
   "properties": {
    "name": "Gdańsk",
    "kind": "city",
    "country": "Poland",
    "pop": 740000,
    "z": 5
   },
   "geometry": {
    "type": "Point",
    "coordinates": [
     18.64,
     54.36
    ]
   }
  },
  {
   "type": "Feature",
   "properties": {
    "name": "Dunhuang",
    "kind": "city",
    "country": "China",
    "pop": 140094,
    "z": 5
   },
   "geometry": {
    "type": "Point",
    "coordinates": [
     94.662,
     40.1427
    ]
   }
  },
  {
   "type": "Feature",
   "properties": {
    "name": "Golmud",
    "kind": "city",
    "country": "China",
    "pop": 107092,
    "z": 5
   },
   "geometry": {
    "type": "Point",
    "coordinates": [
     94.8833,
     36.4166
    ]
   }
  },
  {
   "type": "Feature",
   "properties": {
    "name": "Dresden",
    "kind": "city",
    "country": "Germany",
    "pop": 617515,
    "z": 5
   },
   "geometry": {
    "type": "Point",
    "coordinates": [
     13.75,
     51.05
    ]
   }
  },
  {
   "type": "Feature",
   "properties": {
    "name": "Xigaze",
    "kind": "city",
    "country": "China",
    "pop": 80000,
    "z": 5
   },
   "geometry": {
    "type": "Point",
    "coordinates": [
     88.8833,
     29.25
    ]
   }
  },
  {
   "type": "Feature",
   "properties": {
    "name": "Xichang",
    "kind": "city",
    "country": "China",
    "pop": 379993,
    "z": 5
   },
   "geometry": {
    "type": "Point",
    "coordinates": [
     102.3,
     27.88
    ]
   }
  },
  {
   "type": "Feature",
   "properties": {
    "name": "Qingdao",
    "kind": "city",
    "country": "China",
    "pop": 2866000,
    "z": 5
   },
   "geometry": {
    "type": "Point",
    "coordinates": [
     120.3281,
     36.0919
    ]
   }
  },
  {
   "type": "Feature",
   "properties": {
    "name": "Bordeaux",
    "kind": "city",
    "country": "France",
    "pop": 803000,
    "z": 5
   },
   "geometry": {
    "type": "Point",
    "coordinates": [
     -0.597,
     44.852
    ]
   }
  },
  {
   "type": "Feature",
   "properties": {
    "name": "Marseille",
    "kind": "city",
    "country": "France",
    "pop": 1400000,
    "z": 5
   },
   "geometry": {
    "type": "Point",
    "coordinates": [
     5.3731,
     43.2919
    ]
   }
  },
  {
   "type": "Feature",
   "properties": {
    "name": "Le Havre",
    "kind": "city",
    "country": "France",
    "pop": 242124,
    "z": 5
   },
   "geometry": {
    "type": "Point",
    "coordinates": [
     0.105,
     49.505
    ]
   }
  },
  {
   "type": "Feature",
   "properties": {
    "name": "Atyrau",
    "kind": "city",
    "country": "Kazakhstan",
    "pop": 182753,
    "z": 5
   },
   "geometry": {
    "type": "Point",
    "coordinates": [
     51.92,
     47.1127
    ]
   }
  },
  {
   "type": "Feature",
   "properties": {
    "name": "Broome",
    "kind": "city",
    "country": "Australia",
    "pop": 13218,
    "z": 5
   },
   "geometry": {
    "type": "Point",
    "coordinates": [
     122.2308,
     -17.9618
    ]
   }
  },
  {
   "type": "Feature",
   "properties": {
    "name": "Albany",
    "kind": "city",
    "country": "Australia",
    "pop": 26445,
    "z": 5
   },
   "geometry": {
    "type": "Point",
    "coordinates": [
     117.8916,
     -35.0169
    ]
   }
  },
  {
   "type": "Feature",
   "properties": {
    "name": "Geraldton",
    "kind": "city",
    "country": "Australia",
    "pop": 27258,
    "z": 5
   },
   "geometry": {
    "type": "Point",
    "coordinates": [
     114.6,
     -28.7666
    ]
   }
  },
  {
   "type": "Feature",
   "properties": {
    "name": "Griffith",
    "kind": "city",
    "country": "Australia",
    "pop": 15455,
    "z": 5
   },
   "geometry": {
    "type": "Point",
    "coordinates": [
     146.04,
     -34.29
    ]
   }
  },
  {
   "type": "Feature",
   "properties": {
    "name": "Dubbo",
    "kind": "city",
    "country": "Australia",
    "pop": 31574,
    "z": 5
   },
   "geometry": {
    "type": "Point",
    "coordinates": [
     148.5973,
     -32.26
    ]
   }
  },
  {
   "type": "Feature",
   "properties": {
    "name": "Whyalla",
    "kind": "city",
    "country": "Australia",
    "pop": 22559,
    "z": 5
   },
   "geometry": {
    "type": "Point",
    "coordinates": [
     137.5614,
     -33.025
    ]
   }
  },
  {
   "type": "Feature",
   "properties": {
    "name": "Portland",
    "kind": "city",
    "country": "Australia",
    "pop": 11808,
    "z": 5
   },
   "geometry": {
    "type": "Point",
    "coordinates": [
     141.59,
     -38.34
    ]
   }
  },
  {
   "type": "Feature",
   "properties": {
    "name": "Windorah",
    "kind": "city",
    "country": "Australia",
    "pop": 158,
    "z": 5
   },
   "geometry": {
    "type": "Point",
    "coordinates": [
     142.6502,
     -25.4332
    ]
   }
  },
  {
   "type": "Feature",
   "properties": {
    "name": "Cairns",
    "kind": "city",
    "country": "Australia",
    "pop": 154225,
    "z": 5
   },
   "geometry": {
    "type": "Point",
    "coordinates": [
     145.7633,
     -16.8878
    ]
   }
  },
  {
   "type": "Feature",
   "properties": {
    "name": "Gold Coast",
    "kind": "city",
    "country": "Australia",
    "pop": 527660,
    "z": 5
   },
   "geometry": {
    "type": "Point",
    "coordinates": [
     153.4482,
     -28.0815
    ]
   }
  },
  {
   "type": "Feature",
   "properties": {
    "name": "Napier",
    "kind": "city",
    "country": "New Zealand",
    "pop": 57800,
    "z": 5
   },
   "geometry": {
    "type": "Point",
    "coordinates": [
     176.9265,
     -39.49
    ]
   }
  },
  {
   "type": "Feature",
   "properties": {
    "name": "Hamilton",
    "kind": "city",
    "country": "New Zealand",
    "pop": 148200,
    "z": 5
   },
   "geometry": {
    "type": "Point",
    "coordinates": [
     175.2896,
     -37.7783
    ]
   }
  },
  {
   "type": "Feature",
   "properties": {
    "name": "Blenheim",
    "kind": "city",
    "country": "New Zealand",
    "pop": 30300,
    "z": 5
   },
   "geometry": {
    "type": "Point",
    "coordinates": [
     173.955,
     -41.5135
    ]
   }
  },
  {
   "type": "Feature",
   "properties": {
    "name": "Dunedin",
    "kind": "city",
    "country": "New Zealand",
    "pop": 117700,
    "z": 5
   },
   "geometry": {
    "type": "Point",
    "coordinates": [
     170.491,
     -45.8854
    ]
   }
  },
  {
   "type": "Feature",
   "properties": {
    "name": "Kozhikode",
    "kind": "city",
    "country": "India",
    "pop": 953000,
    "z": 5
   },
   "geometry": {
    "type": "Point",
    "coordinates": [
     75.768,
     11.2524
    ]
   }
  },
  {
   "type": "Feature",
   "properties": {
    "name": "Bhubaneswar",
    "kind": "city",
    "country": "India",
    "pop": 844000,
    "z": 5
   },
   "geometry": {
    "type": "Point",
    "coordinates": [
     85.8254,
     20.2724
    ]
   }
  },
  {
   "type": "Feature",
   "properties": {
    "name": "Jamshedpur",
    "kind": "city",
    "country": "India",
    "pop": 1300000,
    "z": 5
   },
   "geometry": {
    "type": "Point",
    "coordinates": [
     86.1956,
     22.7895
    ]
   }
  },
  {
   "type": "Feature",
   "properties": {
    "name": "Helena",
    "kind": "city",
    "country": "United States of America",
    "pop": 38725,
    "z": 5
   },
   "geometry": {
    "type": "Point",
    "coordinates": [
     -112.0353,
     46.5927
    ]
   }
  },
  {
   "type": "Feature",
   "properties": {
    "name": "Bismarck",
    "kind": "city",
    "country": "United States of America",
    "pop": 63871,
    "z": 5
   },
   "geometry": {
    "type": "Point",
    "coordinates": [
     -100.7833,
     46.8083
    ]
   }
  },
  {
   "type": "Feature",
   "properties": {
    "name": "Boise",
    "kind": "city",
    "country": "United States of America",
    "pop": 338071,
    "z": 5
   },
   "geometry": {
    "type": "Point",
    "coordinates": [
     -116.2275,
     43.6086
    ]
   }
  },
  {
   "type": "Feature",
   "properties": {
    "name": "San Jose",
    "kind": "city",
    "country": "United States of America",
    "pop": 1668000,
    "z": 5
   },
   "geometry": {
    "type": "Point",
    "coordinates": [
     -121.8519,
     37.3019
    ]
   }
  },
  {
   "type": "Feature",
   "properties": {
    "name": "Sacramento",
    "kind": "city",
    "country": "United States of America",
    "pop": 1604000,
    "z": 5
   },
   "geometry": {
    "type": "Point",
    "coordinates": [
     -121.472,
     38.577
    ]
   }
  },
  {
   "type": "Feature",
   "properties": {
    "name": "Las Vegas",
    "kind": "city",
    "country": "United States of America",
    "pop": 1823000,
    "z": 5
   },
   "geometry": {
    "type": "Point",
    "coordinates": [
     -115.222,
     36.2119
    ]
   }
  },
  {
   "type": "Feature",
   "properties": {
    "name": "Santa Fe",
    "kind": "city",
    "country": "United States of America",
    "pop": 92681,
    "z": 5
   },
   "geometry": {
    "type": "Point",
    "coordinates": [
     -105.9372,
     35.6869
    ]
   }
  },
  {
   "type": "Feature",
   "properties": {
    "name": "Cheyenne",
    "kind": "city",
    "country": "United States of America",
    "pop": 72927,
    "z": 5
   },
   "geometry": {
    "type": "Point",
    "coordinates": [
     -104.8197,
     41.14
    ]
   }
  },
  {
   "type": "Feature",
   "properties": {
    "name": "Des Moines",
    "kind": "city",
    "country": "United States of America",
    "pop": 380655,
    "z": 5
   },
   "geometry": {
    "type": "Point",
    "coordinates": [
     -93.62,
     41.58
    ]
   }
  },
  {
   "type": "Feature",
   "properties": {
    "name": "Omaha",
    "kind": "city",
    "country": "United States of America",
    "pop": 877110,
    "z": 5
   },
   "geometry": {
    "type": "Point",
    "coordinates": [
     -96.01,
     41.24
    ]
   }
  },
  {
   "type": "Feature",
   "properties": {
    "name": "Oklahoma City",
    "kind": "city",
    "country": "United States of America",
    "pop": 788000,
    "z": 5
   },
   "geometry": {
    "type": "Point",
    "coordinates": [
     -97.5206,
     35.472
    ]
   }
  },
  {
   "type": "Feature",
   "properties": {
    "name": "Pierre",
    "kind": "city",
    "country": "United States of America",
    "pop": 13879,
    "z": 5
   },
   "geometry": {
    "type": "Point",
    "coordinates": [
     -100.3506,
     44.3683
    ]
   }
  },
  {
   "type": "Feature",
   "properties": {
    "name": "San Antonio",
    "kind": "city",
    "country": "United States of America",
    "pop": 1473000,
    "z": 5
   },
   "geometry": {
    "type": "Point",
    "coordinates": [
     -98.5093,
     29.4893
    ]
   }
  },
  {
   "type": "Feature",
   "properties": {
    "name": "San Cristóbal",
    "kind": "city",
    "country": "Venezuela",
    "pop": 438798,
    "z": 5
   },
   "geometry": {
    "type": "Point",
    "coordinates": [
     -72.25,
     7.77
    ]
   }
  },
  {
   "type": "Feature",
   "properties": {
    "name": "Valencia",
    "kind": "city",
    "country": "Venezuela",
    "pop": 1770000,
    "z": 5
   },
   "geometry": {
    "type": "Point",
    "coordinates": [
     -67.982,
     10.2319
    ]
   }
  },
  {
   "type": "Feature",
   "properties": {
    "name": "Jackson",
    "kind": "city",
    "country": "United States of America",
    "pop": 250902,
    "z": 5
   },
   "geometry": {
    "type": "Point",
    "coordinates": [
     -90.185,
     32.2988
    ]
   }
  },
  {
   "type": "Feature",
   "properties": {
    "name": "Raleigh",
    "kind": "city",
    "country": "United States of America",
    "pop": 1163515,
    "z": 5
   },
   "geometry": {
    "type": "Point",
    "coordinates": [
     -78.6447,
     35.8188
    ]
   }
  },
  {
   "type": "Feature",
   "properties": {
    "name": "Cleveland",
    "kind": "city",
    "country": "United States of America",
    "pop": 1890000,
    "z": 5
   },
   "geometry": {
    "type": "Point",
    "coordinates": [
     -81.6969,
     41.4719
    ]
   }
  },
  {
   "type": "Feature",
   "properties": {
    "name": "Cincinnati",
    "kind": "city",
    "country": "United States of America",
    "pop": 1636000,
    "z": 5
   },
   "geometry": {
    "type": "Point",
    "coordinates": [
     -84.4589,
     39.1638
    ]
   }
  },
  {
   "type": "Feature",
   "properties": {
    "name": "Nashville",
    "kind": "city",
    "country": "United States of America",
    "pop": 877000,
    "z": 5
   },
   "geometry": {
    "type": "Point",
    "coordinates": [
     -86.7819,
     36.1719
    ]
   }
  },
  {
   "type": "Feature",
   "properties": {
    "name": "Memphis",
    "kind": "city",
    "country": "United States of America",
    "pop": 1081000,
    "z": 5
   },
   "geometry": {
    "type": "Point",
    "coordinates": [
     -90.0019,
     35.1219
    ]
   }
  },
  {
   "type": "Feature",
   "properties": {
    "name": "Milwaukee",
    "kind": "city",
    "country": "United States of America",
    "pop": 1388000,
    "z": 5
   },
   "geometry": {
    "type": "Point",
    "coordinates": [
     -87.9219,
     43.0546
    ]
   }
  },
  {
   "type": "Feature",
   "properties": {
    "name": "Buffalo",
    "kind": "city",
    "country": "United States of America",
    "pop": 1016000,
    "z": 5
   },
   "geometry": {
    "type": "Point",
    "coordinates": [
     -78.8819,
     42.8819
    ]
   }
  },
  {
   "type": "Feature",
   "properties": {
    "name": "Pittsburgh",
    "kind": "city",
    "country": "United States of America",
    "pop": 1838000,
    "z": 5
   },
   "geometry": {
    "type": "Point",
    "coordinates": [
     -80.0019,
     40.4319
    ]
   }
  },
  {
   "type": "Feature",
   "properties": {
    "name": "Ciudad Guayana",
    "kind": "city",
    "country": "Venezuela",
    "pop": 746535,
    "z": 5
   },
   "geometry": {
    "type": "Point",
    "coordinates": [
     -62.62,
     8.37
    ]
   }
  },
  {
   "type": "Feature",
   "properties": {
    "name": "Kodiak",
    "kind": "city",
    "country": "United States of America",
    "pop": 9461,
    "z": 5
   },
   "geometry": {
    "type": "Point",
    "coordinates": [
     -152.407,
     57.79
    ]
   }
  },
  {
   "type": "Feature",
   "properties": {
    "name": "Cold Bay",
    "kind": "city",
    "country": "United States of America",
    "pop": 200,
    "z": 5
   },
   "geometry": {
    "type": "Point",
    "coordinates": [
     -162.7151,
     55.2
    ]
   }
  },
  {
   "type": "Feature",
   "properties": {
    "name": "Bethel",
    "kind": "city",
    "country": "United States of America",
    "pop": 6228,
    "z": 5
   },
   "geometry": {
    "type": "Point",
    "coordinates": [
     -161.7558,
     60.7933
    ]
   }
  },
  {
   "type": "Feature",
   "properties": {
    "name": "Point Hope",
    "kind": "city",
    "country": "United States of America",
    "pop": 461,
    "z": 5
   },
   "geometry": {
    "type": "Point",
    "coordinates": [
     -166.808,
     68.3477
    ]
   }
  },
  {
   "type": "Feature",
   "properties": {
    "name": "Utqiaġvik",
    "kind": "city",
    "country": "United States of America",
    "pop": 4336,
    "z": 5
   },
   "geometry": {
    "type": "Point",
    "coordinates": [
     -156.7886,
     71.2906
    ]
   }
  },
  {
   "type": "Feature",
   "properties": {
    "name": "Valdez",
    "kind": "city",
    "country": "United States of America",
    "pop": 4036,
    "z": 5
   },
   "geometry": {
    "type": "Point",
    "coordinates": [
     -146.3483,
     61.136
    ]
   }
  },
  {
   "type": "Feature",
   "properties": {
    "name": "Samarkand",
    "kind": "city",
    "country": "Uzbekistan",
    "pop": 708000,
    "z": 5
   },
   "geometry": {
    "type": "Point",
    "coordinates": [
     66.945,
     39.67
    ]
   }
  },
  {
   "type": "Feature",
   "properties": {
    "name": "Bulawayo",
    "kind": "city",
    "country": "Zimbabwe",
    "pop": 699385,
    "z": 5
   },
   "geometry": {
    "type": "Point",
    "coordinates": [
     28.58,
     -20.17
    ]
   }
  },
  {
   "type": "Feature",
   "properties": {
    "name": "Aden",
    "kind": "city",
    "country": "Yemen",
    "pop": 1000000,
    "z": 5
   },
   "geometry": {
    "type": "Point",
    "coordinates": [
     45.0095,
     12.7797
    ]
   }
  },
  {
   "type": "Feature",
   "properties": {
    "name": "Seville",
    "kind": "city",
    "country": "Spain",
    "pop": 1212045,
    "z": 5
   },
   "geometry": {
    "type": "Point",
    "coordinates": [
     -5.98,
     37.405
    ]
   }
  },
  {
   "type": "Feature",
   "properties": {
    "name": "Zinder",
    "kind": "city",
    "country": "Niger",
    "pop": 230358,
    "z": 5
   },
   "geometry": {
    "type": "Point",
    "coordinates": [
     8.9833,
     13.8
    ]
   }
  },
  {
   "type": "Feature",
   "properties": {
    "name": "Port Sudan",
    "kind": "city",
    "country": "Sudan",
    "pop": 489725,
    "z": 5
   },
   "geometry": {
    "type": "Point",
    "coordinates": [
     37.2164,
     19.6158
    ]
   }
  },
  {
   "type": "Feature",
   "properties": {
    "name": "Tacna",
    "kind": "city",
    "country": "Peru",
    "pop": 280098,
    "z": 5
   },
   "geometry": {
    "type": "Point",
    "coordinates": [
     -70.25,
     -18
    ]
   }
  },
  {
   "type": "Feature",
   "properties": {
    "name": "Ica",
    "kind": "city",
    "country": "Peru",
    "pop": 279420,
    "z": 5
   },
   "geometry": {
    "type": "Point",
    "coordinates": [
     -75.7255,
     -14.068
    ]
   }
  },
  {
   "type": "Feature",
   "properties": {
    "name": "Agadez",
    "kind": "city",
    "country": "Niger",
    "pop": 117770,
    "z": 5
   },
   "geometry": {
    "type": "Point",
    "coordinates": [
     7.9828,
     16.9959
    ]
   }
  },
  {
   "type": "Feature",
   "properties": {
    "name": "Nyala",
    "kind": "city",
    "country": "Sudan",
    "pop": 392373,
    "z": 5
   },
   "geometry": {
    "type": "Point",
    "coordinates": [
     24.89,
     12.06
    ]
   }
  },
  {
   "type": "Feature",
   "properties": {
    "name": "Wau",
    "kind": "city",
    "country": "South Sudan",
    "pop": 127384,
    "z": 5
   },
   "geometry": {
    "type": "Point",
    "coordinates": [
     27.99,
     7.7
    ]
   }
  },
  {
   "type": "Feature",
   "properties": {
    "name": "Dongola",
    "kind": "city",
    "country": "Sudan",
    "pop": 26404,
    "z": 5
   },
   "geometry": {
    "type": "Point",
    "coordinates": [
     30.4833,
     19.1666
    ]
   }
  },
  {
   "type": "Feature",
   "properties": {
    "name": "Kassala",
    "kind": "city",
    "country": "Sudan",
    "pop": 401477,
    "z": 5
   },
   "geometry": {
    "type": "Point",
    "coordinates": [
     36.39,
     15.46
    ]
   }
  },
  {
   "type": "Feature",
   "properties": {
    "name": "Bergen",
    "kind": "city",
    "country": "Norway",
    "pop": 213585,
    "z": 5
   },
   "geometry": {
    "type": "Point",
    "coordinates": [
     5.3245,
     60.391
    ]
   }
  },
  {
   "type": "Feature",
   "properties": {
    "name": "Multan",
    "kind": "city",
    "country": "Pakistan",
    "pop": 1522000,
    "z": 5
   },
   "geometry": {
    "type": "Point",
    "coordinates": [
     71.4531,
     30.2019
    ]
   }
  },
  {
   "type": "Feature",
   "properties": {
    "name": "Hyderabad",
    "kind": "city",
    "country": "Pakistan",
    "pop": 1459000,
    "z": 5
   },
   "geometry": {
    "type": "Point",
    "coordinates": [
     68.373,
     25.3819
    ]
   }
  },
  {
   "type": "Feature",
   "properties": {
    "name": "Peshawar",
    "kind": "city",
    "country": "Pakistan",
    "pop": 1303000,
    "z": 5
   },
   "geometry": {
    "type": "Point",
    "coordinates": [
     71.5331,
     34.007
    ]
   }
  },
  {
   "type": "Feature",
   "properties": {
    "name": "Nacala",
    "kind": "city",
    "country": "Mozambique",
    "pop": 224795,
    "z": 5
   },
   "geometry": {
    "type": "Point",
    "coordinates": [
     40.715,
     -14.5186
    ]
   }
  },
  {
   "type": "Feature",
   "properties": {
    "name": "Fez",
    "kind": "city",
    "country": "Morocco",
    "pop": 1002000,
    "z": 5
   },
   "geometry": {
    "type": "Point",
    "coordinates": [
     -5.0023,
     34.0565
    ]
   }
  },
  {
   "type": "Feature",
   "properties": {
    "name": "Marrakesh",
    "kind": "city",
    "country": "Morocco",
    "pop": 872000,
    "z": 5
   },
   "geometry": {
    "type": "Point",
    "coordinates": [
     -8.0019,
     31.6319
    ]
   }
  },
  {
   "type": "Feature",
   "properties": {
    "name": "Beira",
    "kind": "city",
    "country": "Mozambique",
    "pop": 530604,
    "z": 5
   },
   "geometry": {
    "type": "Point",
    "coordinates": [
     34.87,
     -19.82
    ]
   }
  },
  {
   "type": "Feature",
   "properties": {
    "name": "Port Elizabeth",
    "kind": "city",
    "country": "South Africa",
    "pop": 1021000,
    "z": 5
   },
   "geometry": {
    "type": "Point",
    "coordinates": [
     25.5981,
     -33.9681
    ]
   }
  },
  {
   "type": "Feature",
   "properties": {
    "name": "Anadyr",
    "kind": "city",
    "country": "Russia",
    "pop": 10332,
    "z": 5
   },
   "geometry": {
    "type": "Point",
    "coordinates": [
     177.475,
     64.737
    ]
   }
  },
  {
   "type": "Feature",
   "properties": {
    "name": "Nizhny Novgorod",
    "kind": "city",
    "country": "Russia",
    "pop": 1278000,
    "z": 5
   },
   "geometry": {
    "type": "Point",
    "coordinates": [
     43.9981,
     56.335
    ]
   }
  },
  {
   "type": "Feature",
   "properties": {
    "name": "Ufa",
    "kind": "city",
    "country": "Russia",
    "pop": 1018000,
    "z": 5
   },
   "geometry": {
    "type": "Point",
    "coordinates": [
     56.0381,
     54.7919
    ]
   }
  },
  {
   "type": "Feature",
   "properties": {
    "name": "Yekaterinburg",
    "kind": "city",
    "country": "Russia",
    "pop": 1313000,
    "z": 5
   },
   "geometry": {
    "type": "Point",
    "coordinates": [
     60.598,
     56.852
    ]
   }
  },
  {
   "type": "Feature",
   "properties": {
    "name": "Kazan",
    "kind": "city",
    "country": "Russia",
    "pop": 1115000,
    "z": 5
   },
   "geometry": {
    "type": "Point",
    "coordinates": [
     49.1244,
     55.7519
    ]
   }
  },
  {
   "type": "Feature",
   "properties": {
    "name": "Barnaul",
    "kind": "city",
    "country": "Russia",
    "pop": 599579,
    "z": 5
   },
   "geometry": {
    "type": "Point",
    "coordinates": [
     83.745,
     53.355
    ]
   }
  },
  {
   "type": "Feature",
   "properties": {
    "name": "Novosibirsk",
    "kind": "city",
    "country": "Russia",
    "pop": 1389000,
    "z": 5
   },
   "geometry": {
    "type": "Point",
    "coordinates": [
     82.9581,
     55.0319
    ]
   }
  },
  {
   "type": "Feature",
   "properties": {
    "name": "Iloilo",
    "kind": "city",
    "country": "Philippines",
    "pop": 387681,
    "z": 5
   },
   "geometry": {
    "type": "Point",
    "coordinates": [
     122.545,
     10.705
    ]
   }
  },
  {
   "type": "Feature",
   "properties": {
    "name": "Davao",
    "kind": "city",
    "country": "Philippines",
    "pop": 1402000,
    "z": 5
   },
   "geometry": {
    "type": "Point",
    "coordinates": [
     125.6281,
     7.112
    ]
   }
  },
  {
   "type": "Feature",
   "properties": {
    "name": "Bratsk",
    "kind": "city",
    "country": "Russia",
    "pop": 246348,
    "z": 5
   },
   "geometry": {
    "type": "Point",
    "coordinates": [
     101.615,
     56.157
    ]
   }
  },
  {
   "type": "Feature",
   "properties": {
    "name": "Krasnoyarsk",
    "kind": "city",
    "country": "Russia",
    "pop": 925000,
    "z": 5
   },
   "geometry": {
    "type": "Point",
    "coordinates": [
     92.8641,
     56.0159
    ]
   }
  },
  {
   "type": "Feature",
   "properties": {
    "name": "Dikson",
    "kind": "city",
    "country": "Russia",
    "pop": 1113,
    "z": 5
   },
   "geometry": {
    "type": "Point",
    "coordinates": [
     80.5451,
     73.507
    ]
   }
  },
  {
   "type": "Feature",
   "properties": {
    "name": "Chita",
    "kind": "city",
    "country": "Russia",
    "pop": 308500,
    "z": 5
   },
   "geometry": {
    "type": "Point",
    "coordinates": [
     113.465,
     52.055
    ]
   }
  },
  {
   "type": "Feature",
   "properties": {
    "name": "Vladivostok",
    "kind": "city",
    "country": "Russia",
    "pop": 587022,
    "z": 5
   },
   "geometry": {
    "type": "Point",
    "coordinates": [
     131.91,
     43.13
    ]
   }
  },
  {
   "type": "Feature",
   "properties": {
    "name": "Nizhneyansk",
    "kind": "city",
    "country": "Russia",
    "pop": 400,
    "z": 5
   },
   "geometry": {
    "type": "Point",
    "coordinates": [
     136.0666,
     71.4333
    ]
   }
  },
  {
   "type": "Feature",
   "properties": {
    "name": "Tijuana",
    "kind": "city",
    "country": "Mexico",
    "pop": 1553000,
    "z": 5
   },
   "geometry": {
    "type": "Point",
    "coordinates": [
     -117.0819,
     32.502
    ]
   }
  },
  {
   "type": "Feature",
   "properties": {
    "name": "Mazatlán",
    "kind": "city",
    "country": "Mexico",
    "pop": 368204,
    "z": 5
   },
   "geometry": {
    "type": "Point",
    "coordinates": [
     -106.42,
     23.2211
    ]
   }
  },
  {
   "type": "Feature",
   "properties": {
    "name": "Tampico",
    "kind": "city",
    "country": "Mexico",
    "pop": 859419,
    "z": 5
   },
   "geometry": {
    "type": "Point",
    "coordinates": [
     -97.87,
     22.3
    ]
   }
  },
  {
   "type": "Feature",
   "properties": {
    "name": "Acapulco",
    "kind": "city",
    "country": "Mexico",
    "pop": 715584,
    "z": 5
   },
   "geometry": {
    "type": "Point",
    "coordinates": [
     -99.916,
     16.85
    ]
   }
  },
  {
   "type": "Feature",
   "properties": {
    "name": "Veracruz",
    "kind": "city",
    "country": "Mexico",
    "pop": 578963,
    "z": 5
   },
   "geometry": {
    "type": "Point",
    "coordinates": [
     -96.16,
     19.1773
    ]
   }
  },
  {
   "type": "Feature",
   "properties": {
    "name": "Tuxtla Gutiérrez",
    "kind": "city",
    "country": "Mexico",
    "pop": 481128,
    "z": 5
   },
   "geometry": {
    "type": "Point",
    "coordinates": [
     -93.15,
     16.75
    ]
   }
  },
  {
   "type": "Feature",
   "properties": {
    "name": "Mérida",
    "kind": "city",
    "country": "Mexico",
    "pop": 965000,
    "z": 5
   },
   "geometry": {
    "type": "Point",
    "coordinates": [
     -89.6186,
     20.9686
    ]
   }
  },
  {
   "type": "Feature",
   "properties": {
    "name": "Enugu",
    "kind": "city",
    "country": "Nigeria",
    "pop": 688862,
    "z": 5
   },
   "geometry": {
    "type": "Point",
    "coordinates": [
     7.5,
     6.45
    ]
   }
  },
  {
   "type": "Feature",
   "properties": {
    "name": "Sokoto",
    "kind": "city",
    "country": "Nigeria",
    "pop": 732178,
    "z": 5
   },
   "geometry": {
    "type": "Point",
    "coordinates": [
     5.24,
     13.06
    ]
   }
  },
  {
   "type": "Feature",
   "properties": {
    "name": "Erdenet",
    "kind": "city",
    "country": "Mongolia",
    "pop": 79647,
    "z": 5
   },
   "geometry": {
    "type": "Point",
    "coordinates": [
     104.1183,
     49.0533
    ]
   }
  },
  {
   "type": "Feature",
   "properties": {
    "name": "Mbeya",
    "kind": "city",
    "country": "Tanzania",
    "pop": 291649,
    "z": 5
   },
   "geometry": {
    "type": "Point",
    "coordinates": [
     33.43,
     -8.89
    ]
   }
  },
  {
   "type": "Feature",
   "properties": {
    "name": "Grootfontein",
    "kind": "city",
    "country": "Namibia",
    "pop": 24099,
    "z": 5
   },
   "geometry": {
    "type": "Point",
    "coordinates": [
     18.1166,
     -19.5666
    ]
   }
  },
  {
   "type": "Feature",
   "properties": {
    "name": "Zanzibar",
    "kind": "city",
    "country": "Tanzania",
    "pop": 403658,
    "z": 5
   },
   "geometry": {
    "type": "Point",
    "coordinates": [
     39.2,
     -6.16
    ]
   }
  },
  {
   "type": "Feature",
   "properties": {
    "name": "Palana",
    "kind": "city",
    "country": "Russia",
    "pop": 3671,
    "z": 5
   },
   "geometry": {
    "type": "Point",
    "coordinates": [
     159.95,
     59.084
    ]
   }
  },
  {
   "type": "Feature",
   "properties": {
    "name": "Petropavlovsk-Kamchatsky",
    "kind": "city",
    "country": "Russia",
    "pop": 187282,
    "z": 5
   },
   "geometry": {
    "type": "Point",
    "coordinates": [
     158.623,
     53.062
    ]
   }
  },
  {
   "type": "Feature",
   "properties": {
    "name": "Padang",
    "kind": "city",
    "country": "Indonesia",
    "pop": 855000,
    "z": 5
   },
   "geometry": {
    "type": "Point",
    "coordinates": [
     100.3581,
     -0.9581
    ]
   }
  },
  {
   "type": "Feature",
   "properties": {
    "name": "Palermo",
    "kind": "city",
    "country": "Italy",
    "pop": 863000,
    "z": 5
   },
   "geometry": {
    "type": "Point",
    "coordinates": [
     13.3481,
     38.127
    ]
   }
  },
  {
   "type": "Feature",
   "properties": {
    "name": "Jiayuguan",
    "kind": "city",
    "country": "China",
    "pop": 148279,
    "z": 5
   },
   "geometry": {
    "type": "Point",
    "coordinates": [
     98.3,
     39.82
    ]
   }
  },
  {
   "type": "Feature",
   "properties": {
    "name": "Guilin",
    "kind": "city",
    "country": "China",
    "pop": 987000,
    "z": 5
   },
   "geometry": {
    "type": "Point",
    "coordinates": [
     110.2781,
     25.2819
    ]
   }
  },
  {
   "type": "Feature",
   "properties": {
    "name": "Huainan",
    "kind": "city",
    "country": "China",
    "pop": 1451000,
    "z": 5
   },
   "geometry": {
    "type": "Point",
    "coordinates": [
     116.978,
     32.6319
    ]
   }
  },
  {
   "type": "Feature",
   "properties": {
    "name": "Shantou",
    "kind": "city",
    "country": "China",
    "pop": 1601000,
    "z": 5
   },
   "geometry": {
    "type": "Point",
    "coordinates": [
     116.6681,
     23.372
    ]
   }
  },
  {
   "type": "Feature",
   "properties": {
    "name": "Tarakan",
    "kind": "city",
    "country": "Indonesia",
    "pop": 193069,
    "z": 5
   },
   "geometry": {
    "type": "Point",
    "coordinates": [
     117.633,
     3.3
    ]
   }
  },
  {
   "type": "Feature",
   "properties": {
    "name": "Mombasa",
    "kind": "city",
    "country": "Kenya",
    "pop": 882000,
    "z": 5
   },
   "geometry": {
    "type": "Point",
    "coordinates": [
     39.688,
     -4.0381
    ]
   }
  },
  {
   "type": "Feature",
   "properties": {
    "name": "Semarang",
    "kind": "city",
    "country": "Indonesia",
    "pop": 1396000,
    "z": 5
   },
   "geometry": {
    "type": "Point",
    "coordinates": [
     110.4181,
     -6.9647
    ]
   }
  },
  {
   "type": "Feature",
   "properties": {
    "name": "Palembang",
    "kind": "city",
    "country": "Indonesia",
    "pop": 1749000,
    "z": 5
   },
   "geometry": {
    "type": "Point",
    "coordinates": [
     104.7481,
     -2.9781
    ]
   }
  },
  {
   "type": "Feature",
   "properties": {
    "name": "Bandjarmasin",
    "kind": "city",
    "country": "Indonesia",
    "pop": 603576,
    "z": 5
   },
   "geometry": {
    "type": "Point",
    "coordinates": [
     114.5801,
     -3.33
    ]
   }
  },
  {
   "type": "Feature",
   "properties": {
    "name": "Makassar",
    "kind": "city",
    "country": "Indonesia",
    "pop": 1262000,
    "z": 5
   },
   "geometry": {
    "type": "Point",
    "coordinates": [
     119.4301,
     -5.138
    ]
   }
  },
  {
   "type": "Feature",
   "properties": {
    "name": "Cartagena",
    "kind": "city",
    "country": "Colombia",
    "pop": 887000,
    "z": 5
   },
   "geometry": {
    "type": "Point",
    "coordinates": [
     -75.5163,
     10.4017
    ]
   }
  },
  {
   "type": "Feature",
   "properties": {
    "name": "Mitú",
    "kind": "city",
    "country": "Colombia",
    "pop": 5917,
    "z": 5
   },
   "geometry": {
    "type": "Point",
    "coordinates": [
     -70.1736,
     1.1983
    ]
   }
  },
  {
   "type": "Feature",
   "properties": {
    "name": "Bumba",
    "kind": "city",
    "country": "Congo (Kinshasa)",
    "pop": 160539,
    "z": 5
   },
   "geometry": {
    "type": "Point",
    "coordinates": [
     22.46,
     2.19
    ]
   }
  },
  {
   "type": "Feature",
   "properties": {
    "name": "Abéché",
    "kind": "city",
    "country": "Chad",
    "pop": 158317,
    "z": 5
   },
   "geometry": {
    "type": "Point",
    "coordinates": [
     20.83,
     13.84
    ]
   }
  },
  {
   "type": "Feature",
   "properties": {
    "name": "Luxor",
    "kind": "city",
    "country": "Egypt",
    "pop": 609248,
    "z": 5
   },
   "geometry": {
    "type": "Point",
    "coordinates": [
     32.65,
     25.7
    ]
   }
  },
  {
   "type": "Feature",
   "properties": {
    "name": "Hami",
    "kind": "city",
    "country": "China",
    "pop": 580000,
    "z": 5
   },
   "geometry": {
    "type": "Point",
    "coordinates": [
     93.515,
     42.827
    ]
   }
  },
  {
   "type": "Feature",
   "properties": {
    "name": "Kashgar",
    "kind": "city",
    "country": "China",
    "pop": 506640,
    "z": 5
   },
   "geometry": {
    "type": "Point",
    "coordinates": [
     75.9699,
     39.4763
    ]
   }
  },
  {
   "type": "Feature",
   "properties": {
    "name": "Yinchuan",
    "kind": "city",
    "country": "China",
    "pop": 991000,
    "z": 5
   },
   "geometry": {
    "type": "Point",
    "coordinates": [
     106.2711,
     38.4699
    ]
   }
  },
  {
   "type": "Feature",
   "properties": {
    "name": "Pingxiang",
    "kind": "city",
    "country": "China",
    "pop": 961000,
    "z": 5
   },
   "geometry": {
    "type": "Point",
    "coordinates": [
     113.8481,
     27.622
    ]
   }
  },
  {
   "type": "Feature",
   "properties": {
    "name": "Nagasaki",
    "kind": "city",
    "country": "Japan",
    "pop": 435455,
    "z": 5
   },
   "geometry": {
    "type": "Point",
    "coordinates": [
     129.885,
     32.765
    ]
   }
  },
  {
   "type": "Feature",
   "properties": {
    "name": "Kikwit",
    "kind": "city",
    "country": "Congo (Kinshasa)",
    "pop": 637736,
    "z": 5
   },
   "geometry": {
    "type": "Point",
    "coordinates": [
     18.85,
     -5.03
    ]
   }
  },
  {
   "type": "Feature",
   "properties": {
    "name": "Matadi",
    "kind": "city",
    "country": "Congo (Kinshasa)",
    "pop": 245862,
    "z": 5
   },
   "geometry": {
    "type": "Point",
    "coordinates": [
     13.45,
     -5.8166
    ]
   }
  },
  {
   "type": "Feature",
   "properties": {
    "name": "Kolwezi",
    "kind": "city",
    "country": "Congo (Kinshasa)",
    "pop": 418000,
    "z": 5
   },
   "geometry": {
    "type": "Point",
    "coordinates": [
     25.4724,
     -10.7167
    ]
   }
  },
  {
   "type": "Feature",
   "properties": {
    "name": "Lubumbashi",
    "kind": "city",
    "country": "Congo (Kinshasa)",
    "pop": 1352000,
    "z": 5
   },
   "geometry": {
    "type": "Point",
    "coordinates": [
     27.4781,
     -11.6781
    ]
   }
  },
  {
   "type": "Feature",
   "properties": {
    "name": "Vishakhapatnam",
    "kind": "city",
    "country": "India",
    "pop": 1529000,
    "z": 5
   },
   "geometry": {
    "type": "Point",
    "coordinates": [
     83.303,
     17.732
    ]
   }
  },
  {
   "type": "Feature",
   "properties": {
    "name": "Port-Gentil",
    "kind": "city",
    "country": "Gabon",
    "pop": 116836,
    "z": 5
   },
   "geometry": {
    "type": "Point",
    "coordinates": [
     8.78,
     -0.72
    ]
   }
  },
  {
   "type": "Feature",
   "properties": {
    "name": "Timbuktu",
    "kind": "city",
    "country": "Mali",
    "pop": 68872,
    "z": 5
   },
   "geometry": {
    "type": "Point",
    "coordinates": [
     -3.0166,
     16.7666
    ]
   }
  },
  {
   "type": "Feature",
   "properties": {
    "name": "Iquique",
    "kind": "city",
    "country": "Chile",
    "pop": 227499,
    "z": 5
   },
   "geometry": {
    "type": "Point",
    "coordinates": [
     -70.13,
     -20.25
    ]
   }
  },
  {
   "type": "Feature",
   "properties": {
    "name": "Concepción",
    "kind": "city",
    "country": "Chile",
    "pop": 889725,
    "z": 5
   },
   "geometry": {
    "type": "Point",
    "coordinates": [
     -73.05,
     -36.83
    ]
   }
  },
  {
   "type": "Feature",
   "properties": {
    "name": "Puerto Montt",
    "kind": "city",
    "country": "Chile",
    "pop": 174629,
    "z": 5
   },
   "geometry": {
    "type": "Point",
    "coordinates": [
     -72.93,
     -41.47
    ]
   }
  },
  {
   "type": "Feature",
   "properties": {
    "name": "Atar",
    "kind": "city",
    "country": "Mauritania",
    "pop": 44265,
    "z": 5
   },
   "geometry": {
    "type": "Point",
    "coordinates": [
     -13.05,
     20.5166
    ]
   }
  },
  {
   "type": "Feature",
   "properties": {
    "name": "Djenné",
    "kind": "city",
    "country": "Mali",
    "pop": 32944,
    "z": 5
   },
   "geometry": {
    "type": "Point",
    "coordinates": [
     -4.55,
     13.9
    ]
   }
  },
  {
   "type": "Feature",
   "properties": {
    "name": "Sabha",
    "kind": "city",
    "country": "Libya",
    "pop": 100249,
    "z": 5
   },
   "geometry": {
    "type": "Point",
    "coordinates": [
     14.4333,
     27.0333
    ]
   }
  },
  {
   "type": "Feature",
   "properties": {
    "name": "Thessaloniki",
    "kind": "city",
    "country": "Greece",
    "pop": 828000,
    "z": 5
   },
   "geometry": {
    "type": "Point",
    "coordinates": [
     22.8831,
     40.6981
    ]
   }
  },
  {
   "type": "Feature",
   "properties": {
    "name": "Gondar",
    "kind": "city",
    "country": "Ethiopia",
    "pop": 156230,
    "z": 5
   },
   "geometry": {
    "type": "Point",
    "coordinates": [
     37.46,
     12.61
    ]
   }
  },
  {
   "type": "Feature",
   "properties": {
    "name": "Qaraghandy",
    "kind": "city",
    "country": "Kazakhstan",
    "pop": 451800,
    "z": 5
   },
   "geometry": {
    "type": "Point",
    "coordinates": [
     73.115,
     49.885
    ]
   }
  },
  {
   "type": "Feature",
   "properties": {
    "name": "Almaty",
    "kind": "city",
    "country": "Kazakhstan",
    "pop": 1209000,
    "z": 5
   },
   "geometry": {
    "type": "Point",
    "coordinates": [
     76.9131,
     43.3269
    ]
   }
  },
  {
   "type": "Feature",
   "properties": {
    "name": "Isfahan",
    "kind": "city",
    "country": "Iran",
    "pop": 1628000,
    "z": 5
   },
   "geometry": {
    "type": "Point",
    "coordinates": [
     51.6981,
     32.702
    ]
   }
  },
  {
   "type": "Feature",
   "properties": {
    "name": "Shiraz",
    "kind": "city",
    "country": "Iran",
    "pop": 1240000,
    "z": 5
   },
   "geometry": {
    "type": "Point",
    "coordinates": [
     52.5681,
     29.6319
    ]
   }
  },
  {
   "type": "Feature",
   "properties": {
    "name": "Amritsar",
    "kind": "city",
    "country": "India",
    "pop": 1212000,
    "z": 5
   },
   "geometry": {
    "type": "Point",
    "coordinates": [
     74.868,
     31.6419
    ]
   }
  },
  {
   "type": "Feature",
   "properties": {
    "name": "Varanasi",
    "kind": "city",
    "country": "India",
    "pop": 1352000,
    "z": 5
   },
   "geometry": {
    "type": "Point",
    "coordinates": [
     82.9981,
     25.3319
    ]
   }
  },
  {
   "type": "Feature",
   "properties": {
    "name": "Asansol",
    "kind": "city",
    "country": "India",
    "pop": 1328000,
    "z": 5
   },
   "geometry": {
    "type": "Point",
    "coordinates": [
     86.9814,
     23.6853
    ]
   }
  },
  {
   "type": "Feature",
   "properties": {
    "name": "Bhilai",
    "kind": "city",
    "country": "India",
    "pop": 1097000,
    "z": 5
   },
   "geometry": {
    "type": "Point",
    "coordinates": [
     81.4314,
     21.2186
    ]
   }
  },
  {
   "type": "Feature",
   "properties": {
    "name": "Bhopal",
    "kind": "city",
    "country": "India",
    "pop": 1727000,
    "z": 5
   },
   "geometry": {
    "type": "Point",
    "coordinates": [
     77.408,
     23.2519
    ]
   }
  },
  {
   "type": "Feature",
   "properties": {
    "name": "Madurai",
    "kind": "city",
    "country": "India",
    "pop": 1294000,
    "z": 5
   },
   "geometry": {
    "type": "Point",
    "coordinates": [
     78.1181,
     9.922
    ]
   }
  },
  {
   "type": "Feature",
   "properties": {
    "name": "Coimbatore",
    "kind": "city",
    "country": "India",
    "pop": 1696000,
    "z": 5
   },
   "geometry": {
    "type": "Point",
    "coordinates": [
     76.9481,
     11.0019
    ]
   }
  },
  {
   "type": "Feature",
   "properties": {
    "name": "Cruzeiro do Sul",
    "kind": "city",
    "country": "Brazil",
    "pop": 56862,
    "z": 5
   },
   "geometry": {
    "type": "Point",
    "coordinates": [
     -72.67,
     -7.63
    ]
   }
  },
  {
   "type": "Feature",
   "properties": {
    "name": "Leticia",
    "kind": "city",
    "country": "Colombia",
    "pop": 59575,
    "z": 5
   },
   "geometry": {
    "type": "Point",
    "coordinates": [
     -69.9553,
     -4.2012
    ]
   }
  },
  {
   "type": "Feature",
   "properties": {
    "name": "Caxias",
    "kind": "city",
    "country": "Brazil",
    "pop": 134640,
    "z": 5
   },
   "geometry": {
    "type": "Point",
    "coordinates": [
     -43.35,
     -4.833
    ]
   }
  },
  {
   "type": "Feature",
   "properties": {
    "name": "Santarém",
    "kind": "city",
    "country": "Brazil",
    "pop": 230428,
    "z": 5
   },
   "geometry": {
    "type": "Point",
    "coordinates": [
     -54.7,
     -2.4333
    ]
   }
  },
  {
   "type": "Feature",
   "properties": {
    "name": "Marabá",
    "kind": "city",
    "country": "Brazil",
    "pop": 166182,
    "z": 5
   },
   "geometry": {
    "type": "Point",
    "coordinates": [
     -49.116,
     -5.35
    ]
   }
  },
  {
   "type": "Feature",
   "properties": {
    "name": "Vilhena",
    "kind": "city",
    "country": "Brazil",
    "pop": 63231,
    "z": 5
   },
   "geometry": {
    "type": "Point",
    "coordinates": [
     -60.1166,
     -12.7166
    ]
   }
  },
  {
   "type": "Feature",
   "properties": {
    "name": "Ji-Paraná",
    "kind": "city",
    "country": "Brazil",
    "pop": 65016,
    "z": 5
   },
   "geometry": {
    "type": "Point",
    "coordinates": [
     -61.967,
     -10.8333
    ]
   }
  },
  {
   "type": "Feature",
   "properties": {
    "name": "Campo Grande",
    "kind": "city",
    "country": "Brazil",
    "pop": 778000,
    "z": 5
   },
   "geometry": {
    "type": "Point",
    "coordinates": [
     -54.6186,
     -20.4481
    ]
   }
  },
  {
   "type": "Feature",
   "properties": {
    "name": "Florianópolis",
    "kind": "city",
    "country": "Brazil",
    "pop": 1023000,
    "z": 5
   },
   "geometry": {
    "type": "Point",
    "coordinates": [
     -48.522,
     -27.578
    ]
   }
  },
  {
   "type": "Feature",
   "properties": {
    "name": "Feira de Santana",
    "kind": "city",
    "country": "Brazil",
    "pop": 481911,
    "z": 5
   },
   "geometry": {
    "type": "Point",
    "coordinates": [
     -38.97,
     -12.25
    ]
   }
  },
  {
   "type": "Feature",
   "properties": {
    "name": "Regina",
    "kind": "city",
    "country": "Canada",
    "pop": 176183,
    "z": 5
   },
   "geometry": {
    "type": "Point",
    "coordinates": [
     -104.617,
     50.45
    ]
   }
  },
  {
   "type": "Feature",
   "properties": {
    "name": "Saskatoon",
    "kind": "city",
    "country": "Canada",
    "pop": 198958,
    "z": 5
   },
   "geometry": {
    "type": "Point",
    "coordinates": [
     -106.67,
     52.17
    ]
   }
  },
  {
   "type": "Feature",
   "properties": {
    "name": "Victoria",
    "kind": "city",
    "country": "Canada",
    "pop": 289625,
    "z": 5
   },
   "geometry": {
    "type": "Point",
    "coordinates": [
     -123.35,
     48.4333
    ]
   }
  },
  {
   "type": "Feature",
   "properties": {
    "name": "Arctic Bay",
    "kind": "city",
    "country": "Canada",
    "pop": 604,
    "z": 5
   },
   "geometry": {
    "type": "Point",
    "coordinates": [
     -85.1666,
     73.0333
    ]
   }
  },
  {
   "type": "Feature",
   "properties": {
    "name": "Resolute",
    "kind": "city",
    "country": "Canada",
    "pop": 250,
    "z": 5
   },
   "geometry": {
    "type": "Point",
    "coordinates": [
     -94.9,
     74.6833
    ]
   }
  },
  {
   "type": "Feature",
   "properties": {
    "name": "Fort Good Hope",
    "kind": "city",
    "country": "Canada",
    "pop": 597,
    "z": 5
   },
   "geometry": {
    "type": "Point",
    "coordinates": [
     -128.6333,
     66.2666
    ]
   }
  },
  {
   "type": "Feature",
   "properties": {
    "name": "Boa Vista",
    "kind": "city",
    "country": "Brazil",
    "pop": 235150,
    "z": 5
   },
   "geometry": {
    "type": "Point",
    "coordinates": [
     -60.666,
     2.8161
    ]
   }
  },
  {
   "type": "Feature",
   "properties": {
    "name": "Macapá",
    "kind": "city",
    "country": "Brazil",
    "pop": 499166,
    "z": 5
   },
   "geometry": {
    "type": "Point",
    "coordinates": [
     -51.05,
     0.033
    ]
   }
  },
  {
   "type": "Feature",
   "properties": {
    "name": "Fort Severn",
    "kind": "city",
    "country": "Canada",
    "pop": 125,
    "z": 5
   },
   "geometry": {
    "type": "Point",
    "coordinates": [
     -87.65,
     55.9833
    ]
   }
  },
  {
   "type": "Feature",
   "properties": {
    "name": "Thunder Bay",
    "kind": "city",
    "country": "Canada",
    "pop": 99334,
    "z": 5
   },
   "geometry": {
    "type": "Point",
    "coordinates": [
     -89.275,
     48.4462
    ]
   }
  },
  {
   "type": "Feature",
   "properties": {
    "name": "Nain",
    "kind": "city",
    "country": "Canada",
    "pop": 1151,
    "z": 5
   },
   "geometry": {
    "type": "Point",
    "coordinates": [
     -61.686,
     56.5474
    ]
   }
  },
  {
   "type": "Feature",
   "properties": {
    "name": "Charlottetown",
    "kind": "city",
    "country": "Canada",
    "pop": 42402,
    "z": 5
   },
   "geometry": {
    "type": "Point",
    "coordinates": [
     -63.1313,
     46.2493
    ]
   }
  },
  {
   "type": "Feature",
   "properties": {
    "name": "N'Délé",
    "kind": "city",
    "country": "Central African Republic",
    "pop": 11764,
    "z": 5
   },
   "geometry": {
    "type": "Point",
    "coordinates": [
     20.653,
     8.4091
    ]
   }
  },
  {
   "type": "Feature",
   "properties": {
    "name": "Obo",
    "kind": "city",
    "country": "Central African Republic",
    "pop": 12887,
    "z": 5
   },
   "geometry": {
    "type": "Point",
    "coordinates": [
     26.5,
     5.4
    ]
   }
  },
  {
   "type": "Feature",
   "properties": {
    "name": "Puerto Deseado",
    "kind": "city",
    "country": "Argentina",
    "pop": 3305,
    "z": 5
   },
   "geometry": {
    "type": "Point",
    "coordinates": [
     -65.9,
     -47.75
    ]
   }
  },
  {
   "type": "Feature",
   "properties": {
    "name": "Río Gallegos",
    "kind": "city",
    "country": "Argentina",
    "pop": 85700,
    "z": 5
   },
   "geometry": {
    "type": "Point",
    "coordinates": [
     -69.2166,
     -51.6333
    ]
   }
  },
  {
   "type": "Feature",
   "properties": {
    "name": "Comodoro Rivadavia",
    "kind": "city",
    "country": "Argentina",
    "pop": 140850,
    "z": 5
   },
   "geometry": {
    "type": "Point",
    "coordinates": [
     -67.5,
     -45.87
    ]
   }
  },
  {
   "type": "Feature",
   "properties": {
    "name": "Mendoza",
    "kind": "city",
    "country": "Argentina",
    "pop": 893000,
    "z": 5
   },
   "geometry": {
    "type": "Point",
    "coordinates": [
     -68.8186,
     -32.8814
    ]
   }
  },
  {
   "type": "Feature",
   "properties": {
    "name": "Riberalta",
    "kind": "city",
    "country": "Bolivia",
    "pop": 74014,
    "z": 5
   },
   "geometry": {
    "type": "Point",
    "coordinates": [
     -66.1,
     -10.983
    ]
   }
  },
  {
   "type": "Feature",
   "properties": {
    "name": "Bahía Blanca",
    "kind": "city",
    "country": "Argentina",
    "pop": 281536,
    "z": 5
   },
   "geometry": {
    "type": "Point",
    "coordinates": [
     -62.265,
     -38.74
    ]
   }
  },
  {
   "type": "Feature",
   "properties": {
    "name": "Mar del Plata",
    "kind": "city",
    "country": "Argentina",
    "pop": 555897,
    "z": 5
   },
   "geometry": {
    "type": "Point",
    "coordinates": [
     -57.58,
     -38
    ]
   }
  },
  {
   "type": "Feature",
   "properties": {
    "name": "Posadas",
    "kind": "city",
    "country": "Argentina",
    "pop": 357119,
    "z": 5
   },
   "geometry": {
    "type": "Point",
    "coordinates": [
     -55.8851,
     -27.3578
    ]
   }
  },
  {
   "type": "Feature",
   "properties": {
    "name": "Maroua",
    "kind": "city",
    "country": "Cameroon",
    "pop": 319941,
    "z": 5
   },
   "geometry": {
    "type": "Point",
    "coordinates": [
     14.3247,
     10.5956
    ]
   }
  },
  {
   "type": "Feature",
   "properties": {
    "name": "Kandahar",
    "kind": "city",
    "country": "Afghanistan",
    "pop": 715542,
    "z": 5
   },
   "geometry": {
    "type": "Point",
    "coordinates": [
     65.6949,
     31.61
    ]
   }
  },
  {
   "type": "Feature",
   "properties": {
    "name": "Menongue",
    "kind": "city",
    "country": "Angola",
    "pop": 13030,
    "z": 5
   },
   "geometry": {
    "type": "Point",
    "coordinates": [
     17.7,
     -14.6666
    ]
   }
  },
  {
   "type": "Feature",
   "properties": {
    "name": "Huambo",
    "kind": "city",
    "country": "Angola",
    "pop": 1100000,
    "z": 5
   },
   "geometry": {
    "type": "Point",
    "coordinates": [
     15.7581,
     -12.748
    ]
   }
  },
  {
   "type": "Feature",
   "properties": {
    "name": "Santa Cruz",
    "kind": "city",
    "country": "Bolivia",
    "pop": 2102998,
    "z": 5
   },
   "geometry": {
    "type": "Point",
    "coordinates": [
     -63.2279,
     -17.752
    ]
   }
  },
  {
   "type": "Feature",
   "properties": {
    "name": "Oran",
    "kind": "city",
    "country": "Algeria",
    "pop": 798000,
    "z": 5
   },
   "geometry": {
    "type": "Point",
    "coordinates": [
     -0.6219,
     35.7119
    ]
   }
  },
  {
   "type": "Feature",
   "properties": {
    "name": "Tamanrasset",
    "kind": "city",
    "country": "Algeria",
    "pop": 76000,
    "z": 5
   },
   "geometry": {
    "type": "Point",
    "coordinates": [
     5.5228,
     22.785
    ]
   }
  },
  {
   "type": "Feature",
   "properties": {
    "name": "Ghardaia",
    "kind": "city",
    "country": "Algeria",
    "pop": 125480,
    "z": 5
   },
   "geometry": {
    "type": "Point",
    "coordinates": [
     3.67,
     32.49
    ]
   }
  },
  {
   "type": "Feature",
   "properties": {
    "name": "Alice Springs",
    "kind": "city",
    "country": "Australia",
    "pop": 27710,
    "z": 5
   },
   "geometry": {
    "type": "Point",
    "coordinates": [
     133.88,
     -23.701
    ]
   }
  },
  {
   "type": "Feature",
   "properties": {
    "name": "Newcastle",
    "kind": "city",
    "country": "Australia",
    "pop": 540796,
    "z": 5
   },
   "geometry": {
    "type": "Point",
    "coordinates": [
     151.815,
     -32.8453
    ]
   }
  },
  {
   "type": "Feature",
   "properties": {
    "name": "Townsville",
    "kind": "city",
    "country": "Australia",
    "pop": 138954,
    "z": 5
   },
   "geometry": {
    "type": "Point",
    "coordinates": [
     146.77,
     -19.2499
    ]
   }
  },
  {
   "type": "Feature",
   "properties": {
    "name": "Hobart",
    "kind": "city",
    "country": "Australia",
    "pop": 80870,
    "z": 5
   },
   "geometry": {
    "type": "Point",
    "coordinates": [
     147.295,
     -42.85
    ]
   }
  },
  {
   "type": "Feature",
   "properties": {
    "name": "San Juan",
    "kind": "city",
    "country": "Puerto Rico",
    "pop": 2478905,
    "z": 5
   },
   "geometry": {
    "type": "Point",
    "coordinates": [
     -66.13,
     18.44
    ]
   }
  },
  {
   "type": "Feature",
   "properties": {
    "name": "Stanley",
    "kind": "city",
    "country": "Falkland Islands",
    "pop": 2213,
    "z": 5
   },
   "geometry": {
    "type": "Point",
    "coordinates": [
     -57.85,
     -51.7
    ]
   }
  },
  {
   "type": "Feature",
   "properties": {
    "name": "Kaohsiung",
    "kind": "city",
    "country": "Taiwan",
    "pop": 2769072,
    "z": 5
   },
   "geometry": {
    "type": "Point",
    "coordinates": [
     120.2666,
     22.6333
    ]
   }
  },
  {
   "type": "Feature",
   "properties": {
    "name": "Tampa",
    "kind": "city",
    "country": "United States of America",
    "pop": 2314000,
    "z": 5
   },
   "geometry": {
    "type": "Point",
    "coordinates": [
     -82.4606,
     27.9489
    ]
   }
  },
  {
   "type": "Feature",
   "properties": {
    "name": "Philadelphia",
    "kind": "city",
    "country": "United States of America",
    "pop": 5492000,
    "z": 5
   },
   "geometry": {
    "type": "Point",
    "coordinates": [
     -75.1719,
     40.0019
    ]
   }
  },
  {
   "type": "Feature",
   "properties": {
    "name": "Hamburg",
    "kind": "city",
    "country": "Germany",
    "pop": 1757000,
    "z": 5
   },
   "geometry": {
    "type": "Point",
    "coordinates": [
     9.9981,
     53.552
    ]
   }
  },
  {
   "type": "Feature",
   "properties": {
    "name": "Rochester",
    "kind": "city",
    "country": "United States of America",
    "pop": 755000,
    "z": 5.1
   },
   "geometry": {
    "type": "Point",
    "coordinates": [
     -77.6219,
     43.1724
    ]
   }
  },
  {
   "type": "Feature",
   "properties": {
    "name": "Zaozhuang",
    "kind": "city",
    "country": "China",
    "pop": 2145000,
    "z": 5.1
   },
   "geometry": {
    "type": "Point",
    "coordinates": [
     117.5681,
     34.8819
    ]
   }
  },
  {
   "type": "Feature",
   "properties": {
    "name": "Fargo",
    "kind": "city",
    "country": "United States of America",
    "pop": 162842,
    "z": 5.1
   },
   "geometry": {
    "type": "Point",
    "coordinates": [
     -96.7894,
     46.8772
    ]
   }
  },
  {
   "type": "Feature",
   "properties": {
    "name": "Hilo",
    "kind": "city",
    "country": "United States of America",
    "pop": 52391,
    "z": 5.1
   },
   "geometry": {
    "type": "Point",
    "coordinates": [
     -155.09,
     19.7
    ]
   }
  },
  {
   "type": "Feature",
   "properties": {
    "name": "Spokane",
    "kind": "city",
    "country": "United States of America",
    "pop": 347705,
    "z": 5.1
   },
   "geometry": {
    "type": "Point",
    "coordinates": [
     -117.4199,
     47.67
    ]
   }
  },
  {
   "type": "Feature",
   "properties": {
    "name": "Flagstaff",
    "kind": "city",
    "country": "United States of America",
    "pop": 63993,
    "z": 5.1
   },
   "geometry": {
    "type": "Point",
    "coordinates": [
     -111.6505,
     35.1981
    ]
   }
  },
  {
   "type": "Feature",
   "properties": {
    "name": "Tucson",
    "kind": "city",
    "country": "United States of America",
    "pop": 823000,
    "z": 5.1
   },
   "geometry": {
    "type": "Point",
    "coordinates": [
     -110.8919,
     32.2069
    ]
   }
  },
  {
   "type": "Feature",
   "properties": {
    "name": "Fresno",
    "kind": "city",
    "country": "United States of America",
    "pop": 616353,
    "z": 5.1
   },
   "geometry": {
    "type": "Point",
    "coordinates": [
     -119.773,
     36.7477
    ]
   }
  },
  {
   "type": "Feature",
   "properties": {
    "name": "Reno",
    "kind": "city",
    "country": "United States of America",
    "pop": 328585,
    "z": 5.1
   },
   "geometry": {
    "type": "Point",
    "coordinates": [
     -119.82,
     39.53
    ]
   }
  },
  {
   "type": "Feature",
   "properties": {
    "name": "Albuquerque",
    "kind": "city",
    "country": "United States of America",
    "pop": 898642,
    "z": 5.1
   },
   "geometry": {
    "type": "Point",
    "coordinates": [
     -106.6413,
     35.105
    ]
   }
  },
  {
   "type": "Feature",
   "properties": {
    "name": "Topeka",
    "kind": "city",
    "country": "United States of America",
    "pop": 132091,
    "z": 5.1
   },
   "geometry": {
    "type": "Point",
    "coordinates": [
     -95.67,
     39.05
    ]
   }
  },
  {
   "type": "Feature",
   "properties": {
    "name": "Kansas City",
    "kind": "city",
    "country": "United States of America",
    "pop": 1469000,
    "z": 5.1
   },
   "geometry": {
    "type": "Point",
    "coordinates": [
     -94.606,
     39.109
    ]
   }
  },
  {
   "type": "Feature",
   "properties": {
    "name": "Ft.  Worth",
    "kind": "city",
    "country": "United States of America",
    "pop": 1440454,
    "z": 5.1
   },
   "geometry": {
    "type": "Point",
    "coordinates": [
     -97.34,
     32.74
    ]
   }
  },
  {
   "type": "Feature",
   "properties": {
    "name": "Austin",
    "kind": "city",
    "country": "United States of America",
    "pop": 1161000,
    "z": 5.1
   },
   "geometry": {
    "type": "Point",
    "coordinates": [
     -97.7447,
     30.2689
    ]
   }
  },
  {
   "type": "Feature",
   "properties": {
    "name": "El Paso",
    "kind": "city",
    "country": "United States of America",
    "pop": 753000,
    "z": 5.1
   },
   "geometry": {
    "type": "Point",
    "coordinates": [
     -106.5119,
     31.7819
    ]
   }
  },
  {
   "type": "Feature",
   "properties": {
    "name": "Orlando",
    "kind": "city",
    "country": "United States of America",
    "pop": 1350000,
    "z": 5.1
   },
   "geometry": {
    "type": "Point",
    "coordinates": [
     -81.382,
     28.5119
    ]
   }
  },
  {
   "type": "Feature",
   "properties": {
    "name": "Jacksonville",
    "kind": "city",
    "country": "United States of America",
    "pop": 988000,
    "z": 5.1
   },
   "geometry": {
    "type": "Point",
    "coordinates": [
     -81.6719,
     30.332
    ]
   }
  },
  {
   "type": "Feature",
   "properties": {
    "name": "Savannah",
    "kind": "city",
    "country": "United States of America",
    "pop": 180187,
    "z": 5.1
   },
   "geometry": {
    "type": "Point",
    "coordinates": [
     -81.11,
     32.0211
    ]
   }
  },
  {
   "type": "Feature",
   "properties": {
    "name": "Indianapolis",
    "kind": "city",
    "country": "United States of America",
    "pop": 1436000,
    "z": 5.1
   },
   "geometry": {
    "type": "Point",
    "coordinates": [
     -86.172,
     39.7519
    ]
   }
  },
  {
   "type": "Feature",
   "properties": {
    "name": "Wilmington",
    "kind": "city",
    "country": "United States of America",
    "pop": 161560,
    "z": 5.1
   },
   "geometry": {
    "type": "Point",
    "coordinates": [
     -77.945,
     34.2255
    ]
   }
  },
  {
   "type": "Feature",
   "properties": {
    "name": "Charleston",
    "kind": "city",
    "country": "United States of America",
    "pop": 123799,
    "z": 5.1
   },
   "geometry": {
    "type": "Point",
    "coordinates": [
     -81.6327,
     38.3497
    ]
   }
  },
  {
   "type": "Feature",
   "properties": {
    "name": "Sault Ste. Marie",
    "kind": "city",
    "country": "United States of America",
    "pop": 83805,
    "z": 5.1
   },
   "geometry": {
    "type": "Point",
    "coordinates": [
     -84.3453,
     46.4953
    ]
   }
  },
  {
   "type": "Feature",
   "properties": {
    "name": "Taizz",
    "kind": "city",
    "country": "Yemen",
    "pop": 751000,
    "z": 5.1
   },
   "geometry": {
    "type": "Point",
    "coordinates": [
     44.0375,
     13.6064
    ]
   }
  },
  {
   "type": "Feature",
   "properties": {
    "name": "Sitka",
    "kind": "city",
    "country": "United States of America",
    "pop": 8931,
    "z": 5.1
   },
   "geometry": {
    "type": "Point",
    "coordinates": [
     -135.3275,
     57.0604
    ]
   }
  },
  {
   "type": "Feature",
   "properties": {
    "name": "Lviv",
    "kind": "city",
    "country": "Ukraine",
    "pop": 803880,
    "z": 5.1
   },
   "geometry": {
    "type": "Point",
    "coordinates": [
     24.03,
     49.835
    ]
   }
  },
  {
   "type": "Feature",
   "properties": {
    "name": "Odessa",
    "kind": "city",
    "country": "Ukraine",
    "pop": 991000,
    "z": 5.1
   },
   "geometry": {
    "type": "Point",
    "coordinates": [
     30.7081,
     46.492
    ]
   }
  },
  {
   "type": "Feature",
   "properties": {
    "name": "Dnipro",
    "kind": "city",
    "country": "Ukraine",
    "pop": 1050000,
    "z": 5.1
   },
   "geometry": {
    "type": "Point",
    "coordinates": [
     34.9981,
     48.4819
    ]
   }
  },
  {
   "type": "Feature",
   "properties": {
    "name": "Kharkiv",
    "kind": "city",
    "country": "Ukraine",
    "pop": 1461000,
    "z": 5.1
   },
   "geometry": {
    "type": "Point",
    "coordinates": [
     36.2481,
     50.0019
    ]
   }
  },
  {
   "type": "Feature",
   "properties": {
    "name": "Bukhara",
    "kind": "city",
    "country": "Uzbekistan",
    "pop": 319476,
    "z": 5.1
   },
   "geometry": {
    "type": "Point",
    "coordinates": [
     64.43,
     39.78
    ]
   }
  },
  {
   "type": "Feature",
   "properties": {
    "name": "Mary",
    "kind": "city",
    "country": "Turkmenistan",
    "pop": 178708,
    "z": 5.1
   },
   "geometry": {
    "type": "Point",
    "coordinates": [
     61.8333,
     37.6
    ]
   }
  },
  {
   "type": "Feature",
   "properties": {
    "name": "Andijan",
    "kind": "city",
    "country": "Uzbekistan",
    "pop": 650000,
    "z": 5.1
   },
   "geometry": {
    "type": "Point",
    "coordinates": [
     72.34,
     40.79
    ]
   }
  },
  {
   "type": "Feature",
   "properties": {
    "name": "İzmir",
    "kind": "city",
    "country": "Turkey",
    "pop": 2587000,
    "z": 5.1
   },
   "geometry": {
    "type": "Point",
    "coordinates": [
     27.1498,
     38.4381
    ]
   }
  },
  {
   "type": "Feature",
   "properties": {
    "name": "Bursa",
    "kind": "city",
    "country": "Turkey",
    "pop": 1492000,
    "z": 5.1
   },
   "geometry": {
    "type": "Point",
    "coordinates": [
     29.0681,
     40.2019
    ]
   }
  },
  {
   "type": "Feature",
   "properties": {
    "name": "Adana",
    "kind": "city",
    "country": "Turkey",
    "pop": 1293000,
    "z": 5.1
   },
   "geometry": {
    "type": "Point",
    "coordinates": [
     35.3181,
     36.9969
    ]
   }
  },
  {
   "type": "Feature",
   "properties": {
    "name": "Luleå",
    "kind": "city",
    "country": "Sweden",
    "pop": 48638,
    "z": 5.1
   },
   "geometry": {
    "type": "Point",
    "coordinates": [
     22.1584,
     65.5966
    ]
   }
  },
  {
   "type": "Feature",
   "properties": {
    "name": "Sundsvall",
    "kind": "city",
    "country": "Sweden",
    "pop": 73389,
    "z": 5.1
   },
   "geometry": {
    "type": "Point",
    "coordinates": [
     17.3167,
     62.4001
    ]
   }
  },
  {
   "type": "Feature",
   "properties": {
    "name": "Pucallpa",
    "kind": "city",
    "country": "Peru",
    "pop": 310750,
    "z": 5.1
   },
   "geometry": {
    "type": "Point",
    "coordinates": [
     -74.535,
     -8.3689
    ]
   }
  },
  {
   "type": "Feature",
   "properties": {
    "name": "Iquitos",
    "kind": "city",
    "country": "Peru",
    "pop": 458729,
    "z": 5.1
   },
   "geometry": {
    "type": "Point",
    "coordinates": [
     -73.25,
     -3.75
    ]
   }
  },
  {
   "type": "Feature",
   "properties": {
    "name": "Medina",
    "kind": "city",
    "country": "Saudi Arabia",
    "pop": 1010000,
    "z": 5.1
   },
   "geometry": {
    "type": "Point",
    "coordinates": [
     39.5781,
     24.5019
    ]
   }
  },
  {
   "type": "Feature",
   "properties": {
    "name": "Hammerfest",
    "kind": "city",
    "country": "Norway",
    "pop": 10000,
    "z": 5.1
   },
   "geometry": {
    "type": "Point",
    "coordinates": [
     23.688,
     70.6613
    ]
   }
  },
  {
   "type": "Feature",
   "properties": {
    "name": "Welkom",
    "kind": "city",
    "country": "South Africa",
    "pop": 431944,
    "z": 5.1
   },
   "geometry": {
    "type": "Point",
    "coordinates": [
     26.73,
     -27.97
    ]
   }
  },
  {
   "type": "Feature",
   "properties": {
    "name": "Middelburg",
    "kind": "city",
    "country": "South Africa",
    "pop": 18164,
    "z": 5.1
   },
   "geometry": {
    "type": "Point",
    "coordinates": [
     25.01,
     -31.5
    ]
   }
  },
  {
   "type": "Feature",
   "properties": {
    "name": "Pskov",
    "kind": "city",
    "country": "Russia",
    "pop": 201990,
    "z": 5.1
   },
   "geometry": {
    "type": "Point",
    "coordinates": [
     28.3299,
     57.83
    ]
   }
  },
  {
   "type": "Feature",
   "properties": {
    "name": "Bryansk",
    "kind": "city",
    "country": "Russia",
    "pop": 427236,
    "z": 5.1
   },
   "geometry": {
    "type": "Point",
    "coordinates": [
     34.43,
     53.26
    ]
   }
  },
  {
   "type": "Feature",
   "properties": {
    "name": "Smolensk",
    "kind": "city",
    "country": "Russia",
    "pop": 320991,
    "z": 5.1
   },
   "geometry": {
    "type": "Point",
    "coordinates": [
     32.0473,
     54.7827
    ]
   }
  },
  {
   "type": "Feature",
   "properties": {
    "name": "Petrozavodsk",
    "kind": "city",
    "country": "Russia",
    "pop": 265025,
    "z": 5.1
   },
   "geometry": {
    "type": "Point",
    "coordinates": [
     34.28,
     61.85
    ]
   }
  },
  {
   "type": "Feature",
   "properties": {
    "name": "Vologda",
    "kind": "city",
    "country": "Russia",
    "pop": 294889,
    "z": 5.1
   },
   "geometry": {
    "type": "Point",
    "coordinates": [
     39.92,
     59.21
    ]
   }
  },
  {
   "type": "Feature",
   "properties": {
    "name": "Yaroslavl",
    "kind": "city",
    "country": "Russia",
    "pop": 606730,
    "z": 5.1
   },
   "geometry": {
    "type": "Point",
    "coordinates": [
     39.87,
     57.62
    ]
   }
  },
  {
   "type": "Feature",
   "properties": {
    "name": "Rostov",
    "kind": "city",
    "country": "Russia",
    "pop": 1052000,
    "z": 5.1
   },
   "geometry": {
    "type": "Point",
    "coordinates": [
     39.7107,
     47.2366
    ]
   }
  },
  {
   "type": "Feature",
   "properties": {
    "name": "Sochi",
    "kind": "city",
    "country": "Russia",
    "pop": 327608,
    "z": 5.1
   },
   "geometry": {
    "type": "Point",
    "coordinates": [
     39.73,
     43.59
    ]
   }
  },
  {
   "type": "Feature",
   "properties": {
    "name": "Krasnodar",
    "kind": "city",
    "country": "Russia",
    "pop": 649851,
    "z": 5.1
   },
   "geometry": {
    "type": "Point",
    "coordinates": [
     39,
     45.02
    ]
   }
  },
  {
   "type": "Feature",
   "properties": {
    "name": "Penza",
    "kind": "city",
    "country": "Russia",
    "pop": 512602,
    "z": 5.1
   },
   "geometry": {
    "type": "Point",
    "coordinates": [
     45,
     53.18
    ]
   }
  },
  {
   "type": "Feature",
   "properties": {
    "name": "Voronezh",
    "kind": "city",
    "country": "Russia",
    "pop": 844000,
    "z": 5.1
   },
   "geometry": {
    "type": "Point",
    "coordinates": [
     39.2681,
     51.7319
    ]
   }
  },
  {
   "type": "Feature",
   "properties": {
    "name": "Magnitogorsk",
    "kind": "city",
    "country": "Russia",
    "pop": 413351,
    "z": 5.1
   },
   "geometry": {
    "type": "Point",
    "coordinates": [
     58.98,
     53.4227
    ]
   }
  },
  {
   "type": "Feature",
   "properties": {
    "name": "Chelyabinsk",
    "kind": "city",
    "country": "Russia",
    "pop": 1091000,
    "z": 5.1
   },
   "geometry": {
    "type": "Point",
    "coordinates": [
     61.4367,
     55.1569
    ]
   }
  },
  {
   "type": "Feature",
   "properties": {
    "name": "Kirov",
    "kind": "city",
    "country": "Russia",
    "pop": 457437,
    "z": 5.1
   },
   "geometry": {
    "type": "Point",
    "coordinates": [
     49.67,
     58.5901
    ]
   }
  },
  {
   "type": "Feature",
   "properties": {
    "name": "Nizhny Tagil",
    "kind": "city",
    "country": "Russia",
    "pop": 381116,
    "z": 5.1
   },
   "geometry": {
    "type": "Point",
    "coordinates": [
     59.975,
     57.92
    ]
   }
  },
  {
   "type": "Feature",
   "properties": {
    "name": "Astrakhan",
    "kind": "city",
    "country": "Russia",
    "pop": 502533,
    "z": 5.1
   },
   "geometry": {
    "type": "Point",
    "coordinates": [
     48.055,
     46.3487
    ]
   }
  },
  {
   "type": "Feature",
   "properties": {
    "name": "Orenburg",
    "kind": "city",
    "country": "Russia",
    "pop": 550204,
    "z": 5.1
   },
   "geometry": {
    "type": "Point",
    "coordinates": [
     55.11,
     51.78
    ]
   }
  },
  {
   "type": "Feature",
   "properties": {
    "name": "Saratov",
    "kind": "city",
    "country": "Russia",
    "pop": 843000,
    "z": 5.1
   },
   "geometry": {
    "type": "Point",
    "coordinates": [
     46.0281,
     51.5819
    ]
   }
  },
  {
   "type": "Feature",
   "properties": {
    "name": "Novokuznetsk",
    "kind": "city",
    "country": "Russia",
    "pop": 539616,
    "z": 5.1
   },
   "geometry": {
    "type": "Point",
    "coordinates": [
     87.115,
     53.75
    ]
   }
  },
  {
   "type": "Feature",
   "properties": {
    "name": "Kemerovo",
    "kind": "city",
    "country": "Russia",
    "pop": 477090,
    "z": 5.1
   },
   "geometry": {
    "type": "Point",
    "coordinates": [
     86.09,
     55.34
    ]
   }
  },
  {
   "type": "Feature",
   "properties": {
    "name": "Daejeon",
    "kind": "city",
    "country": "South Korea",
    "pop": 1468000,
    "z": 5.1
   },
   "geometry": {
    "type": "Point",
    "coordinates": [
     127.4231,
     36.3375
    ]
   }
  },
  {
   "type": "Feature",
   "properties": {
    "name": "Mirny",
    "kind": "city",
    "country": "Russia",
    "pop": 40308,
    "z": 5.1
   },
   "geometry": {
    "type": "Point",
    "coordinates": [
     113.9614,
     62.54
    ]
   }
  },
  {
   "type": "Feature",
   "properties": {
    "name": "Zhigansk",
    "kind": "city",
    "country": "Russia",
    "pop": 3237,
    "z": 5.1
   },
   "geometry": {
    "type": "Point",
    "coordinates": [
     123.3711,
     66.7697
    ]
   }
  },
  {
   "type": "Feature",
   "properties": {
    "name": "Okhotsk",
    "kind": "city",
    "country": "Russia",
    "pop": 5570,
    "z": 5.1
   },
   "geometry": {
    "type": "Point",
    "coordinates": [
     143.217,
     59.383
    ]
   }
  },
  {
   "type": "Feature",
   "properties": {
    "name": "Yuzhno Sakhalinsk",
    "kind": "city",
    "country": "Russia",
    "pop": 176484,
    "z": 5.1
   },
   "geometry": {
    "type": "Point",
    "coordinates": [
     142.74,
     46.965
    ]
   }
  },
  {
   "type": "Feature",
   "properties": {
    "name": "Oaxaca",
    "kind": "city",
    "country": "Mexico",
    "pop": 530728,
    "z": 5.1
   },
   "geometry": {
    "type": "Point",
    "coordinates": [
     -96.67,
     17.0827
    ]
   }
  },
  {
   "type": "Feature",
   "properties": {
    "name": "Ibadan",
    "kind": "city",
    "country": "Nigeria",
    "pop": 2628000,
    "z": 5.1
   },
   "geometry": {
    "type": "Point",
    "coordinates": [
     3.928,
     7.382
    ]
   }
  },
  {
   "type": "Feature",
   "properties": {
    "name": "Kraków",
    "kind": "city",
    "country": "Poland",
    "pop": 756000,
    "z": 5.1
   },
   "geometry": {
    "type": "Point",
    "coordinates": [
     19.9581,
     50.0619
    ]
   }
  },
  {
   "type": "Feature",
   "properties": {
    "name": "Malmö",
    "kind": "city",
    "country": "Sweden",
    "pop": 269349,
    "z": 5.1
   },
   "geometry": {
    "type": "Point",
    "coordinates": [
     13.0333,
     55.5833
    ]
   }
  },
  {
   "type": "Feature",
   "properties": {
    "name": "George Town",
    "kind": "city",
    "country": "Malaysia",
    "pop": 2500000,
    "z": 5.1
   },
   "geometry": {
    "type": "Point",
    "coordinates": [
     100.3294,
     5.4136
    ]
   }
  },
  {
   "type": "Feature",
   "properties": {
    "name": "Shaoguan",
    "kind": "city",
    "country": "China",
    "pop": 720266,
    "z": 5.1
   },
   "geometry": {
    "type": "Point",
    "coordinates": [
     113.58,
     24.8
    ]
   }
  },
  {
   "type": "Feature",
   "properties": {
    "name": "Toliara",
    "kind": "city",
    "country": "Madagascar",
    "pop": 115319,
    "z": 5.1
   },
   "geometry": {
    "type": "Point",
    "coordinates": [
     43.69,
     -23.3568
    ]
   }
  },
  {
   "type": "Feature",
   "properties": {
    "name": "Santiago de Cuba",
    "kind": "city",
    "country": "Cuba",
    "pop": 555865,
    "z": 5.1
   },
   "geometry": {
    "type": "Point",
    "coordinates": [
     -75.8213,
     20.025
    ]
   }
  },
  {
   "type": "Feature",
   "properties": {
    "name": "Yining",
    "kind": "city",
    "country": "China",
    "pop": 542507,
    "z": 5.1
   },
   "geometry": {
    "type": "Point",
    "coordinates": [
     81.35,
     43.9
    ]
   }
  },
  {
   "type": "Feature",
   "properties": {
    "name": "Houma",
    "kind": "city",
    "country": "China",
    "pop": 102400,
    "z": 5.1
   },
   "geometry": {
    "type": "Point",
    "coordinates": [
     111.21,
     35.62
    ]
   }
  },
  {
   "type": "Feature",
   "properties": {
    "name": "Gejiu",
    "kind": "city",
    "country": "China",
    "pop": 149105,
    "z": 5.1
   },
   "geometry": {
    "type": "Point",
    "coordinates": [
     103.1501,
     23.38
    ]
   }
  },
  {
   "type": "Feature",
   "properties": {
    "name": "Handan",
    "kind": "city",
    "country": "China",
    "pop": 1631000,
    "z": 5.1
   },
   "geometry": {
    "type": "Point",
    "coordinates": [
     114.478,
     36.5819
    ]
   }
  },
  {
   "type": "Feature",
   "properties": {
    "name": "Dalian",
    "kind": "city",
    "country": "China",
    "pop": 3167000,
    "z": 5.1
   },
   "geometry": {
    "type": "Point",
    "coordinates": [
     121.6279,
     38.9248
    ]
   }
  },
  {
   "type": "Feature",
   "properties": {
    "name": "Wenzhou",
    "kind": "city",
    "country": "China",
    "pop": 2350000,
    "z": 5.1
   },
   "geometry": {
    "type": "Point",
    "coordinates": [
     120.6481,
     28.0219
    ]
   }
  },
  {
   "type": "Feature",
   "properties": {
    "name": "Ningbo",
    "kind": "city",
    "country": "China",
    "pop": 1923000,
    "z": 5.1
   },
   "geometry": {
    "type": "Point",
    "coordinates": [
     121.5481,
     29.8819
    ]
   }
  },
  {
   "type": "Feature",
   "properties": {
    "name": "Naha",
    "kind": "city",
    "country": "Japan",
    "pop": 905238,
    "z": 5.1
   },
   "geometry": {
    "type": "Point",
    "coordinates": [
     127.673,
     26.2072
    ]
   }
  },
  {
   "type": "Feature",
   "properties": {
    "name": "Hohhot",
    "kind": "city",
    "country": "China",
    "pop": 1726000,
    "z": 5.1
   },
   "geometry": {
    "type": "Point",
    "coordinates": [
     111.6581,
     40.8219
    ]
   }
  },
  {
   "type": "Feature",
   "properties": {
    "name": "Jiamusi",
    "kind": "city",
    "country": "China",
    "pop": 1020000,
    "z": 5.1
   },
   "geometry": {
    "type": "Point",
    "coordinates": [
     130.3481,
     46.832
    ]
   }
  },
  {
   "type": "Feature",
   "properties": {
    "name": "Daqing",
    "kind": "city",
    "country": "China",
    "pop": 1693000,
    "z": 5.1
   },
   "geometry": {
    "type": "Point",
    "coordinates": [
     124.9981,
     46.5819
    ]
   }
  },
  {
   "type": "Feature",
   "properties": {
    "name": "Nagoya",
    "kind": "city",
    "country": "Japan",
    "pop": 3230000,
    "z": 5.1
   },
   "geometry": {
    "type": "Point",
    "coordinates": [
     136.913,
     35.1569
    ]
   }
  },
  {
   "type": "Feature",
   "properties": {
    "name": "Kushiro",
    "kind": "city",
    "country": "Japan",
    "pop": 198566,
    "z": 5.1
   },
   "geometry": {
    "type": "Point",
    "coordinates": [
     144.3747,
     42.975
    ]
   }
  },
  {
   "type": "Feature",
   "properties": {
    "name": "Sendai",
    "kind": "city",
    "country": "Japan",
    "pop": 2250000,
    "z": 5.1
   },
   "geometry": {
    "type": "Point",
    "coordinates": [
     141.0198,
     38.2891
    ]
   }
  },
  {
   "type": "Feature",
   "properties": {
    "name": "Goma",
    "kind": "city",
    "country": "Congo (Kinshasa)",
    "pop": 144124,
    "z": 5.1
   },
   "geometry": {
    "type": "Point",
    "coordinates": [
     29.2218,
     -1.6788
    ]
   }
  },
  {
   "type": "Feature",
   "properties": {
    "name": "Kolhapur",
    "kind": "city",
    "country": "India",
    "pop": 750000,
    "z": 5.1
   },
   "geometry": {
    "type": "Point",
    "coordinates": [
     74.22,
     16.7
    ]
   }
  },
  {
   "type": "Feature",
   "properties": {
    "name": "Gao",
    "kind": "city",
    "country": "Mali",
    "pop": 116967,
    "z": 5.1
   },
   "geometry": {
    "type": "Point",
    "coordinates": [
     -0.05,
     16.2666
    ]
   }
  },
  {
   "type": "Feature",
   "properties": {
    "name": "Narsarsuaq",
    "kind": "city",
    "country": "Greenland",
    "pop": 145,
    "z": 5.1
   },
   "geometry": {
    "type": "Point",
    "coordinates": [
     -45.4166,
     61.1666
    ]
   }
  },
  {
   "type": "Feature",
   "properties": {
    "name": "Sisimiut",
    "kind": "city",
    "country": "Greenland",
    "pop": 5227,
    "z": 5.1
   },
   "geometry": {
    "type": "Point",
    "coordinates": [
     -53.6666,
     66.95
    ]
   }
  },
  {
   "type": "Feature",
   "properties": {
    "name": "Upernavik",
    "kind": "city",
    "country": "Greenland",
    "pop": 1129,
    "z": 5.1
   },
   "geometry": {
    "type": "Point",
    "coordinates": [
     -56.1417,
     72.7094
    ]
   }
  },
  {
   "type": "Feature",
   "properties": {
    "name": "Kirkuk",
    "kind": "city",
    "country": "Iraq",
    "pop": 601433,
    "z": 5.1
   },
   "geometry": {
    "type": "Point",
    "coordinates": [
     44.3923,
     35.4722
    ]
   }
  },
  {
   "type": "Feature",
   "properties": {
    "name": "Rovaniemi",
    "kind": "city",
    "country": "Finland",
    "pop": 34781,
    "z": 5.1
   },
   "geometry": {
    "type": "Point",
    "coordinates": [
     25.7159,
     66.5
    ]
   }
  },
  {
   "type": "Feature",
   "properties": {
    "name": "Vaasa",
    "kind": "city",
    "country": "Finland",
    "pop": 57014,
    "z": 5.1
   },
   "geometry": {
    "type": "Point",
    "coordinates": [
     21.6,
     63.1
    ]
   }
  },
  {
   "type": "Feature",
   "properties": {
    "name": "Tampere",
    "kind": "city",
    "country": "Finland",
    "pop": 259279,
    "z": 5.1
   },
   "geometry": {
    "type": "Point",
    "coordinates": [
     23.75,
     61.5
    ]
   }
  },
  {
   "type": "Feature",
   "properties": {
    "name": "Ahvaz",
    "kind": "city",
    "country": "Iran",
    "pop": 996000,
    "z": 5.1
   },
   "geometry": {
    "type": "Point",
    "coordinates": [
     48.7181,
     31.2819
    ]
   }
  },
  {
   "type": "Feature",
   "properties": {
    "name": "Basra",
    "kind": "city",
    "country": "Iraq",
    "pop": 870000,
    "z": 5.1
   },
   "geometry": {
    "type": "Point",
    "coordinates": [
     47.8116,
     30.5155
    ]
   }
  },
  {
   "type": "Feature",
   "properties": {
    "name": "Tabriz",
    "kind": "city",
    "country": "Iran",
    "pop": 1413000,
    "z": 5.1
   },
   "geometry": {
    "type": "Point",
    "coordinates": [
     46.2993,
     38.0882
    ]
   }
  },
  {
   "type": "Feature",
   "properties": {
    "name": "Puducherry",
    "kind": "city",
    "country": "India",
    "pop": 227411,
    "z": 5.1
   },
   "geometry": {
    "type": "Point",
    "coordinates": [
     79.83,
     11.935
    ]
   }
  },
  {
   "type": "Feature",
   "properties": {
    "name": "Kankan",
    "kind": "city",
    "country": "Guinea",
    "pop": 114009,
    "z": 5.1
   },
   "geometry": {
    "type": "Point",
    "coordinates": [
     -9.31,
     10.39
    ]
   }
  },
  {
   "type": "Feature",
   "properties": {
    "name": "Nzérékoré",
    "kind": "city",
    "country": "Guinea",
    "pop": 168121,
    "z": 5.1
   },
   "geometry": {
    "type": "Point",
    "coordinates": [
     -8.83,
     7.76
    ]
   }
  },
  {
   "type": "Feature",
   "properties": {
    "name": "Porto Velho",
    "kind": "city",
    "country": "Brazil",
    "pop": 306180,
    "z": 5.1
   },
   "geometry": {
    "type": "Point",
    "coordinates": [
     -63.9,
     -8.75
    ]
   }
  },
  {
   "type": "Feature",
   "properties": {
    "name": "Belo Horizonte",
    "kind": "city",
    "country": "Brazil",
    "pop": 5575000,
    "z": 5.1
   },
   "geometry": {
    "type": "Point",
    "coordinates": [
     -43.9169,
     -19.9131
    ]
   }
  },
  {
   "type": "Feature",
   "properties": {
    "name": "Cuiabá",
    "kind": "city",
    "country": "Brazil",
    "pop": 806000,
    "z": 5.1
   },
   "geometry": {
    "type": "Point",
    "coordinates": [
     -56.0869,
     -15.5677
    ]
   }
  },
  {
   "type": "Feature",
   "properties": {
    "name": "Fort Smith",
    "kind": "city",
    "country": "Canada",
    "pop": 518,
    "z": 5.1
   },
   "geometry": {
    "type": "Point",
    "coordinates": [
     -111.8833,
     60
    ]
   }
  },
  {
   "type": "Feature",
   "properties": {
    "name": "Fort St. John",
    "kind": "city",
    "country": "Canada",
    "pop": 18776,
    "z": 5.1
   },
   "geometry": {
    "type": "Point",
    "coordinates": [
     -120.8333,
     56.25
    ]
   }
  },
  {
   "type": "Feature",
   "properties": {
    "name": "Iqaluit",
    "kind": "city",
    "country": "Canada",
    "pop": 6124,
    "z": 5.1
   },
   "geometry": {
    "type": "Point",
    "coordinates": [
     -68.5002,
     63.7505
    ]
   }
  },
  {
   "type": "Feature",
   "properties": {
    "name": "Dawson City",
    "kind": "city",
    "country": "Canada",
    "pop": 1319,
    "z": 5.1
   },
   "geometry": {
    "type": "Point",
    "coordinates": [
     -139.4167,
     64.0666
    ]
   }
  },
  {
   "type": "Feature",
   "properties": {
    "name": "Venice",
    "kind": "city",
    "country": "Italy",
    "pop": 270816,
    "z": 5.1
   },
   "geometry": {
    "type": "Point",
    "coordinates": [
     12.335,
     45.4387
    ]
   }
  },
  {
   "type": "Feature",
   "properties": {
    "name": "Rawson",
    "kind": "city",
    "country": "Argentina",
    "pop": 26335,
    "z": 5.1
   },
   "geometry": {
    "type": "Point",
    "coordinates": [
     -65.1,
     -43.3
    ]
   }
  },
  {
   "type": "Feature",
   "properties": {
    "name": "Neuquén",
    "kind": "city",
    "country": "Argentina",
    "pop": 242092,
    "z": 5.1
   },
   "geometry": {
    "type": "Point",
    "coordinates": [
     -68.06,
     -38.95
    ]
   }
  },
  {
   "type": "Feature",
   "properties": {
    "name": "Santa Rosa",
    "kind": "city",
    "country": "Argentina",
    "pop": 111424,
    "z": 5.1
   },
   "geometry": {
    "type": "Point",
    "coordinates": [
     -64.3,
     -36.62
    ]
   }
  },
  {
   "type": "Feature",
   "properties": {
    "name": "Rosario",
    "kind": "city",
    "country": "Argentina",
    "pop": 1203000,
    "z": 5.1
   },
   "geometry": {
    "type": "Point",
    "coordinates": [
     -60.6683,
     -32.9492
    ]
   }
  },
  {
   "type": "Feature",
   "properties": {
    "name": "Herat",
    "kind": "city",
    "country": "Afghanistan",
    "pop": 481009,
    "z": 5.1
   },
   "geometry": {
    "type": "Point",
    "coordinates": [
     62.17,
     34.33
    ]
   }
  },
  {
   "type": "Feature",
   "properties": {
    "name": "Mazar-i-Sharif",
    "kind": "city",
    "country": "Afghanistan",
    "pop": 458151,
    "z": 5.1
   },
   "geometry": {
    "type": "Point",
    "coordinates": [
     67.1,
     36.7
    ]
   }
  },
  {
   "type": "Feature",
   "properties": {
    "name": "Brest",
    "kind": "city",
    "country": "Belarus",
    "pop": 300715,
    "z": 5.1
   },
   "geometry": {
    "type": "Point",
    "coordinates": [
     23.7,
     52.1
    ]
   }
  },
  {
   "type": "Feature",
   "properties": {
    "name": "Kalgoorlie",
    "kind": "city",
    "country": "Australia",
    "pop": 36852,
    "z": 5.1
   },
   "geometry": {
    "type": "Point",
    "coordinates": [
     121.46,
     -30.7354
    ]
   }
  },
  {
   "type": "Feature",
   "properties": {
    "name": "Port Hedland",
    "kind": "city",
    "country": "Australia",
    "pop": 14288,
    "z": 5.1
   },
   "geometry": {
    "type": "Point",
    "coordinates": [
     118.606,
     -20.3104
    ]
   }
  },
  {
   "type": "Feature",
   "properties": {
    "name": "Broken Hill",
    "kind": "city",
    "country": "Australia",
    "pop": 17395,
    "z": 5.1
   },
   "geometry": {
    "type": "Point",
    "coordinates": [
     141.4331,
     -31.95
    ]
   }
  },
  {
   "type": "Feature",
   "properties": {
    "name": "Mount Isa",
    "kind": "city",
    "country": "Australia",
    "pop": 33200,
    "z": 5.1
   },
   "geometry": {
    "type": "Point",
    "coordinates": [
     139.49,
     -20.7239
    ]
   }
  },
  {
   "type": "Feature",
   "properties": {
    "name": "Las Palmas",
    "kind": "city",
    "country": "Spain",
    "pop": 378495,
    "z": 5.1
   },
   "geometry": {
    "type": "Point",
    "coordinates": [
     -15.43,
     28.1
    ]
   }
  },
  {
   "type": "Feature",
   "properties": {
    "name": "Vatican City",
    "kind": "capital",
    "country": "Vatican",
    "pop": 832,
    "z": 5.4
   },
   "geometry": {
    "type": "Point",
    "coordinates": [
     12.4534,
     41.9033
    ]
   }
  },
  {
   "type": "Feature",
   "properties": {
    "name": "Vaduz",
    "kind": "capital",
    "country": "Liechtenstein",
    "pop": 36281,
    "z": 5.4
   },
   "geometry": {
    "type": "Point",
    "coordinates": [
     9.5167,
     47.1337
    ]
   }
  },
  {
   "type": "Feature",
   "properties": {
    "name": "San Bernardino",
    "kind": "city",
    "country": "United States of America",
    "pop": 1745000,
    "z": 5.6
   },
   "geometry": {
    "type": "Point",
    "coordinates": [
     -117.302,
     34.1223
    ]
   }
  },
  {
   "type": "Feature",
   "properties": {
    "name": "Bridgeport",
    "kind": "city",
    "country": "United States of America",
    "pop": 1018000,
    "z": 5.6
   },
   "geometry": {
    "type": "Point",
    "coordinates": [
     -73.2019,
     41.1819
    ]
   }
  },
  {
   "type": "Feature",
   "properties": {
    "name": "Gujranwala",
    "kind": "city",
    "country": "Pakistan",
    "pop": 1513000,
    "z": 5.6
   },
   "geometry": {
    "type": "Point",
    "coordinates": [
     74.1831,
     32.1624
    ]
   }
  },
  {
   "type": "Feature",
   "properties": {
    "name": "Incheon",
    "kind": "city",
    "country": "South Korea",
    "pop": 2550000,
    "z": 5.6
   },
   "geometry": {
    "type": "Point",
    "coordinates": [
     126.6403,
     37.4781
    ]
   }
  },
  {
   "type": "Feature",
   "properties": {
    "name": "Benin City",
    "kind": "city",
    "country": "Nigeria",
    "pop": 1190000,
    "z": 5.6
   },
   "geometry": {
    "type": "Point",
    "coordinates": [
     5.6181,
     6.3424
    ]
   }
  },
  {
   "type": "Feature",
   "properties": {
    "name": "Xiamen",
    "kind": "city",
    "country": "China",
    "pop": 2519000,
    "z": 5.6
   },
   "geometry": {
    "type": "Point",
    "coordinates": [
     118.0781,
     24.4519
    ]
   }
  },
  {
   "type": "Feature",
   "properties": {
    "name": "Nanchong",
    "kind": "city",
    "country": "China",
    "pop": 2174000,
    "z": 5.6
   },
   "geometry": {
    "type": "Point",
    "coordinates": [
     106.1281,
     30.7824
    ]
   }
  },
  {
   "type": "Feature",
   "properties": {
    "name": "Neijiang",
    "kind": "city",
    "country": "China",
    "pop": 1466000,
    "z": 5.6
   },
   "geometry": {
    "type": "Point",
    "coordinates": [
     105.0481,
     29.5823
    ]
   }
  },
  {
   "type": "Feature",
   "properties": {
    "name": "Nanyang",
    "kind": "city",
    "country": "China",
    "pop": 1944000,
    "z": 5.6
   },
   "geometry": {
    "type": "Point",
    "coordinates": [
     112.5281,
     33.0023
    ]
   }
  },
  {
   "type": "Feature",
   "properties": {
    "name": "Jinxi",
    "kind": "city",
    "country": "China",
    "pop": 2426000,
    "z": 5.6
   },
   "geometry": {
    "type": "Point",
    "coordinates": [
     120.828,
     40.7523
    ]
   }
  },
  {
   "type": "Feature",
   "properties": {
    "name": "Yantai",
    "kind": "city",
    "country": "China",
    "pop": 2116000,
    "z": 5.6
   },
   "geometry": {
    "type": "Point",
    "coordinates": [
     121.3981,
     37.5324
    ]
   }
  },
  {
   "type": "Feature",
   "properties": {
    "name": "Suzhou",
    "kind": "city",
    "country": "China",
    "pop": 1650000,
    "z": 5.6
   },
   "geometry": {
    "type": "Point",
    "coordinates": [
     120.6181,
     31.3024
    ]
   }
  },
  {
   "type": "Feature",
   "properties": {
    "name": "Xuzhou",
    "kind": "city",
    "country": "China",
    "pop": 2091000,
    "z": 5.6
   },
   "geometry": {
    "type": "Point",
    "coordinates": [
     117.1781,
     34.282
    ]
   }
  },
  {
   "type": "Feature",
   "properties": {
    "name": "Wuxi",
    "kind": "city",
    "country": "China",
    "pop": 1749000,
    "z": 5.6
   },
   "geometry": {
    "type": "Point",
    "coordinates": [
     120.298,
     31.5819
    ]
   }
  },
  {
   "type": "Feature",
   "properties": {
    "name": "Jilin",
    "kind": "city",
    "country": "China",
    "pop": 2396000,
    "z": 5.6
   },
   "geometry": {
    "type": "Point",
    "coordinates": [
     126.5481,
     43.8519
    ]
   }
  },
  {
   "type": "Feature",
   "properties": {
    "name": "Chandigarh",
    "kind": "city",
    "country": "India",
    "pop": 979000,
    "z": 5.6
   },
   "geometry": {
    "type": "Point",
    "coordinates": [
     76.7781,
     30.7219
    ]
   }
  },
  {
   "type": "Feature",
   "properties": {
    "name": "Jammu",
    "kind": "city",
    "country": "India",
    "pop": 791000,
    "z": 5.6
   },
   "geometry": {
    "type": "Point",
    "coordinates": [
     74.8448,
     32.7137
    ]
   }
  },
  {
   "type": "Feature",
   "properties": {
    "name": "Sholapur",
    "kind": "city",
    "country": "India",
    "pop": 1057000,
    "z": 5.6
   },
   "geometry": {
    "type": "Point",
    "coordinates": [
     75.8981,
     17.6724
    ]
   }
  },
  {
   "type": "Feature",
   "properties": {
    "name": "Aurangabad",
    "kind": "city",
    "country": "India",
    "pop": 1113000,
    "z": 5.6
   },
   "geometry": {
    "type": "Point",
    "coordinates": [
     75.3184,
     19.8976
    ]
   }
  },
  {
   "type": "Feature",
   "properties": {
    "name": "Nasik",
    "kind": "city",
    "country": "India",
    "pop": 1473000,
    "z": 5.6
   },
   "geometry": {
    "type": "Point",
    "coordinates": [
     73.778,
     20.0024
    ]
   }
  },
  {
   "type": "Feature",
   "properties": {
    "name": "Dispur",
    "kind": "city",
    "country": "India",
    "pop": 16140,
    "z": 5.6
   },
   "geometry": {
    "type": "Point",
    "coordinates": [
     91.7666,
     26.144
    ]
   }
  },
  {
   "type": "Feature",
   "properties": {
    "name": "Jullundur",
    "kind": "city",
    "country": "India",
    "pop": 855000,
    "z": 5.6
   },
   "geometry": {
    "type": "Point",
    "coordinates": [
     75.5671,
     31.3369
    ]
   }
  },
  {
   "type": "Feature",
   "properties": {
    "name": "Allahabad",
    "kind": "city",
    "country": "India",
    "pop": 1201000,
    "z": 5.6
   },
   "geometry": {
    "type": "Point",
    "coordinates": [
     81.8381,
     25.4569
    ]
   }
  },
  {
   "type": "Feature",
   "properties": {
    "name": "Moradabad",
    "kind": "city",
    "country": "India",
    "pop": 787000,
    "z": 5.6
   },
   "geometry": {
    "type": "Point",
    "coordinates": [
     78.7548,
     28.8437
    ]
   }
  },
  {
   "type": "Feature",
   "properties": {
    "name": "Ghaziabad",
    "kind": "city",
    "country": "India",
    "pop": 1341000,
    "z": 5.6
   },
   "geometry": {
    "type": "Point",
    "coordinates": [
     77.4064,
     28.6623
    ]
   }
  },
  {
   "type": "Feature",
   "properties": {
    "name": "Agra",
    "kind": "city",
    "country": "India",
    "pop": 1592000,
    "z": 5.6
   },
   "geometry": {
    "type": "Point",
    "coordinates": [
     78.0131,
     27.1724
    ]
   }
  },
  {
   "type": "Feature",
   "properties": {
    "name": "Aligarh",
    "kind": "city",
    "country": "India",
    "pop": 805000,
    "z": 5.6
   },
   "geometry": {
    "type": "Point",
    "coordinates": [
     78.0598,
     27.8942
    ]
   }
  },
  {
   "type": "Feature",
   "properties": {
    "name": "Meerut",
    "kind": "city",
    "country": "India",
    "pop": 1398000,
    "z": 5.6
   },
   "geometry": {
    "type": "Point",
    "coordinates": [
     77.6981,
     29.0024
    ]
   }
  },
  {
   "type": "Feature",
   "properties": {
    "name": "Dhanbad",
    "kind": "city",
    "country": "India",
    "pop": 1246000,
    "z": 5.6
   },
   "geometry": {
    "type": "Point",
    "coordinates": [
     86.418,
     23.8023
    ]
   }
  },
  {
   "type": "Feature",
   "properties": {
    "name": "Gwalior",
    "kind": "city",
    "country": "India",
    "pop": 978000,
    "z": 5.6
   },
   "geometry": {
    "type": "Point",
    "coordinates": [
     78.1781,
     26.2319
    ]
   }
  },
  {
   "type": "Feature",
   "properties": {
    "name": "Vadodara",
    "kind": "city",
    "country": "India",
    "pop": 1756000,
    "z": 5.6
   },
   "geometry": {
    "type": "Point",
    "coordinates": [
     73.1781,
     22.312
    ]
   }
  },
  {
   "type": "Feature",
   "properties": {
    "name": "Rajkot",
    "kind": "city",
    "country": "India",
    "pop": 1260000,
    "z": 5.6
   },
   "geometry": {
    "type": "Point",
    "coordinates": [
     70.7981,
     22.312
    ]
   }
  },
  {
   "type": "Feature",
   "properties": {
    "name": "Durazno",
    "kind": "city",
    "country": "Uruguay",
    "pop": 34037,
    "z": 5.6
   },
   "geometry": {
    "type": "Point",
    "coordinates": [
     -56.51,
     -33.41
    ]
   }
  },
  {
   "type": "Feature",
   "properties": {
    "name": "International Falls",
    "kind": "city",
    "country": "United States of America",
    "pop": 15240,
    "z": 5.6
   },
   "geometry": {
    "type": "Point",
    "coordinates": [
     -93.4108,
     48.6011
    ]
   }
  },
  {
   "type": "Feature",
   "properties": {
    "name": "St.  Paul",
    "kind": "city",
    "country": "United States of America",
    "pop": 734854,
    "z": 5.6
   },
   "geometry": {
    "type": "Point",
    "coordinates": [
     -93.085,
     44.944
    ]
   }
  },
  {
   "type": "Feature",
   "properties": {
    "name": "Billings",
    "kind": "city",
    "country": "United States of America",
    "pop": 104552,
    "z": 5.6
   },
   "geometry": {
    "type": "Point",
    "coordinates": [
     -108.54,
     45.7883
    ]
   }
  },
  {
   "type": "Feature",
   "properties": {
    "name": "Great Falls",
    "kind": "city",
    "country": "United States of America",
    "pop": 66558,
    "z": 5.6
   },
   "geometry": {
    "type": "Point",
    "coordinates": [
     -111.3,
     47.5003
    ]
   }
  },
  {
   "type": "Feature",
   "properties": {
    "name": "Missoula",
    "kind": "city",
    "country": "United States of America",
    "pop": 72856,
    "z": 5.6
   },
   "geometry": {
    "type": "Point",
    "coordinates": [
     -113.9931,
     46.8722
    ]
   }
  },
  {
   "type": "Feature",
   "properties": {
    "name": "Minot",
    "kind": "city",
    "country": "United States of America",
    "pop": 39439,
    "z": 5.6
   },
   "geometry": {
    "type": "Point",
    "coordinates": [
     -101.2958,
     48.2325
    ]
   }
  },
  {
   "type": "Feature",
   "properties": {
    "name": "Olympia",
    "kind": "city",
    "country": "United States of America",
    "pop": 156984,
    "z": 5.6
   },
   "geometry": {
    "type": "Point",
    "coordinates": [
     -122.8994,
     47.038
    ]
   }
  },
  {
   "type": "Feature",
   "properties": {
    "name": "Vancouver",
    "kind": "city",
    "country": "United States of America",
    "pop": 525802,
    "z": 5.6
   },
   "geometry": {
    "type": "Point",
    "coordinates": [
     -122.64,
     45.6303
    ]
   }
  },
  {
   "type": "Feature",
   "properties": {
    "name": "Santa Barbara",
    "kind": "city",
    "country": "United States of America",
    "pop": 181632,
    "z": 5.6
   },
   "geometry": {
    "type": "Point",
    "coordinates": [
     -119.72,
     34.435
    ]
   }
  },
  {
   "type": "Feature",
   "properties": {
    "name": "Colorado Springs",
    "kind": "city",
    "country": "United States of America",
    "pop": 493654,
    "z": 5.6
   },
   "geometry": {
    "type": "Point",
    "coordinates": [
     -104.792,
     38.863
    ]
   }
  },
  {
   "type": "Feature",
   "properties": {
    "name": "Elko",
    "kind": "city",
    "country": "United States of America",
    "pop": 19252,
    "z": 5.6
   },
   "geometry": {
    "type": "Point",
    "coordinates": [
     -115.762,
     40.8325
    ]
   }
  },
  {
   "type": "Feature",
   "properties": {
    "name": "Salem",
    "kind": "city",
    "country": "United States of America",
    "pop": 229010,
    "z": 5.6
   },
   "geometry": {
    "type": "Point",
    "coordinates": [
     -123.0239,
     44.9281
    ]
   }
  },
  {
   "type": "Feature",
   "properties": {
    "name": "Casper",
    "kind": "city",
    "country": "United States of America",
    "pop": 60791,
    "z": 5.6
   },
   "geometry": {
    "type": "Point",
    "coordinates": [
     -106.3125,
     42.8666
    ]
   }
  },
  {
   "type": "Feature",
   "properties": {
    "name": "Tulsa",
    "kind": "city",
    "country": "United States of America",
    "pop": 946962,
    "z": 5.6
   },
   "geometry": {
    "type": "Point",
    "coordinates": [
     -95.93,
     36.12
    ]
   }
  },
  {
   "type": "Feature",
   "properties": {
    "name": "Sioux Falls",
    "kind": "city",
    "country": "United States of America",
    "pop": 155724,
    "z": 5.6
   },
   "geometry": {
    "type": "Point",
    "coordinates": [
     -96.73,
     43.55
    ]
   }
  },
  {
   "type": "Feature",
   "properties": {
    "name": "Shreveport",
    "kind": "city",
    "country": "United States of America",
    "pop": 248053,
    "z": 5.6
   },
   "geometry": {
    "type": "Point",
    "coordinates": [
     -93.77,
     32.5
    ]
   }
  },
  {
   "type": "Feature",
   "properties": {
    "name": "Baton Rouge",
    "kind": "city",
    "country": "United States of America",
    "pop": 422072,
    "z": 5.6
   },
   "geometry": {
    "type": "Point",
    "coordinates": [
     -91.1402,
     30.4579
    ]
   }
  },
  {
   "type": "Feature",
   "properties": {
    "name": "Corpus Christi",
    "kind": "city",
    "country": "United States of America",
    "pop": 277454,
    "z": 5.6
   },
   "geometry": {
    "type": "Point",
    "coordinates": [
     -97.4019,
     27.7428
    ]
   }
  },
  {
   "type": "Feature",
   "properties": {
    "name": "Amarillo",
    "kind": "city",
    "country": "United States of America",
    "pop": 181766,
    "z": 5.6
   },
   "geometry": {
    "type": "Point",
    "coordinates": [
     -101.83,
     35.23
    ]
   }
  },
  {
   "type": "Feature",
   "properties": {
    "name": "Laredo",
    "kind": "city",
    "country": "United States of America",
    "pop": 434768,
    "z": 5.6
   },
   "geometry": {
    "type": "Point",
    "coordinates": [
     -99.5072,
     27.5061
    ]
   }
  },
  {
   "type": "Feature",
   "properties": {
    "name": "Mérida",
    "kind": "city",
    "country": "Venezuela",
    "pop": 345489,
    "z": 5.6
   },
   "geometry": {
    "type": "Point",
    "coordinates": [
     -71.13,
     8.4
    ]
   }
  },
  {
   "type": "Feature",
   "properties": {
    "name": "Burlington",
    "kind": "city",
    "country": "United States of America",
    "pop": 93807,
    "z": 5.6
   },
   "geometry": {
    "type": "Point",
    "coordinates": [
     -73.2125,
     44.4758
    ]
   }
  },
  {
   "type": "Feature",
   "properties": {
    "name": "Montgomery",
    "kind": "city",
    "country": "United States of America",
    "pop": 198325,
    "z": 5.6
   },
   "geometry": {
    "type": "Point",
    "coordinates": [
     -86.2792,
     32.3616
    ]
   }
  },
  {
   "type": "Feature",
   "properties": {
    "name": "Tallahassee",
    "kind": "city",
    "country": "United States of America",
    "pop": 221222,
    "z": 5.6
   },
   "geometry": {
    "type": "Point",
    "coordinates": [
     -84.28,
     30.45
    ]
   }
  },
  {
   "type": "Feature",
   "properties": {
    "name": "Columbia",
    "kind": "city",
    "country": "United States of America",
    "pop": 398093,
    "z": 5.6
   },
   "geometry": {
    "type": "Point",
    "coordinates": [
     -80.9,
     34.04
    ]
   }
  },
  {
   "type": "Feature",
   "properties": {
    "name": "Knoxville",
    "kind": "city",
    "country": "United States of America",
    "pop": 655400,
    "z": 5.6
   },
   "geometry": {
    "type": "Point",
    "coordinates": [
     -83.92,
     35.97
    ]
   }
  },
  {
   "type": "Feature",
   "properties": {
    "name": "Baltimore",
    "kind": "city",
    "country": "United States of America",
    "pop": 2255000,
    "z": 5.6
   },
   "geometry": {
    "type": "Point",
    "coordinates": [
     -76.6219,
     39.3019
    ]
   }
  },
  {
   "type": "Feature",
   "properties": {
    "name": "Syracuse",
    "kind": "city",
    "country": "United States of America",
    "pop": 662577,
    "z": 5.6
   },
   "geometry": {
    "type": "Point",
    "coordinates": [
     -76.15,
     43.05
    ]
   }
  },
  {
   "type": "Feature",
   "properties": {
    "name": "Puerto Ayacucho",
    "kind": "city",
    "country": "Venezuela",
    "pop": 52526,
    "z": 5.6
   },
   "geometry": {
    "type": "Point",
    "coordinates": [
     -67.6236,
     5.6639
    ]
   }
  },
  {
   "type": "Feature",
   "properties": {
    "name": "Augusta",
    "kind": "city",
    "country": "United States of America",
    "pop": 24042,
    "z": 5.6
   },
   "geometry": {
    "type": "Point",
    "coordinates": [
     -69.78,
     44.3106
    ]
   }
  },
  {
   "type": "Feature",
   "properties": {
    "name": "Atakpamé",
    "kind": "city",
    "country": "Togo",
    "pop": 80683,
    "z": 5.6
   },
   "geometry": {
    "type": "Point",
    "coordinates": [
     1.12,
     7.53
    ]
   }
  },
  {
   "type": "Feature",
   "properties": {
    "name": "Sousse",
    "kind": "city",
    "country": "Tunisia",
    "pop": 327004,
    "z": 5.6
   },
   "geometry": {
    "type": "Point",
    "coordinates": [
     10.625,
     35.83
    ]
   }
  },
  {
   "type": "Feature",
   "properties": {
    "name": "Zhytomyr",
    "kind": "city",
    "country": "Ukraine",
    "pop": 282192,
    "z": 5.6
   },
   "geometry": {
    "type": "Point",
    "coordinates": [
     28.6622,
     50.2456
    ]
   }
  },
  {
   "type": "Feature",
   "properties": {
    "name": "Türkmenbaşy",
    "kind": "city",
    "country": "Turkmenistan",
    "pop": 68292,
    "z": 5.6
   },
   "geometry": {
    "type": "Point",
    "coordinates": [
     52.9697,
     40.023
    ]
   }
  },
  {
   "type": "Feature",
   "properties": {
    "name": "Nukus",
    "kind": "city",
    "country": "Uzbekistan",
    "pop": 230006,
    "z": 5.6
   },
   "geometry": {
    "type": "Point",
    "coordinates": [
     59.615,
     42.47
    ]
   }
  },
  {
   "type": "Feature",
   "properties": {
    "name": "Türkmenabat",
    "kind": "city",
    "country": "Turkmenistan",
    "pop": 234817,
    "z": 5.6
   },
   "geometry": {
    "type": "Point",
    "coordinates": [
     63.58,
     39.11
    ]
   }
  },
  {
   "type": "Feature",
   "properties": {
    "name": "Haiphong",
    "kind": "city",
    "country": "Vietnam",
    "pop": 1969000,
    "z": 5.6
   },
   "geometry": {
    "type": "Point",
    "coordinates": [
     106.6781,
     20.832
    ]
   }
  },
  {
   "type": "Feature",
   "properties": {
    "name": "Da Nang",
    "kind": "city",
    "country": "Vietnam",
    "pop": 1000000,
    "z": 5.6
   },
   "geometry": {
    "type": "Point",
    "coordinates": [
     108.25,
     16.06
    ]
   }
  },
  {
   "type": "Feature",
   "properties": {
    "name": "Kabwe",
    "kind": "city",
    "country": "Zambia",
    "pop": 188979,
    "z": 5.6
   },
   "geometry": {
    "type": "Point",
    "coordinates": [
     28.45,
     -14.44
    ]
   }
  },
  {
   "type": "Feature",
   "properties": {
    "name": "Mufulira",
    "kind": "city",
    "country": "Zambia",
    "pop": 153624,
    "z": 5.6
   },
   "geometry": {
    "type": "Point",
    "coordinates": [
     28.26,
     -12.55
    ]
   }
  },
  {
   "type": "Feature",
   "properties": {
    "name": "Kitwe",
    "kind": "city",
    "country": "Zambia",
    "pop": 404901,
    "z": 5.6
   },
   "geometry": {
    "type": "Point",
    "coordinates": [
     28.22,
     -12.81
    ]
   }
  },
  {
   "type": "Feature",
   "properties": {
    "name": "Livingstone",
    "kind": "city",
    "country": "Zambia",
    "pop": 165480,
    "z": 5.6
   },
   "geometry": {
    "type": "Point",
    "coordinates": [
     25.86,
     -17.86
    ]
   }
  },
  {
   "type": "Feature",
   "properties": {
    "name": "Chitungwiza",
    "kind": "city",
    "country": "Zimbabwe",
    "pop": 340360,
    "z": 5.6
   },
   "geometry": {
    "type": "Point",
    "coordinates": [
     31.1,
     -18
    ]
   }
  },
  {
   "type": "Feature",
   "properties": {
    "name": "Douala",
    "kind": "city",
    "country": "Cameroon",
    "pop": 1906000,
    "z": 5.6
   },
   "geometry": {
    "type": "Point",
    "coordinates": [
     9.708,
     4.0624
    ]
   }
  },
  {
   "type": "Feature",
   "properties": {
    "name": "Samsun",
    "kind": "city",
    "country": "Turkey",
    "pop": 609339,
    "z": 5.6
   },
   "geometry": {
    "type": "Point",
    "coordinates": [
     36.3437,
     41.28
    ]
   }
  },
  {
   "type": "Feature",
   "properties": {
    "name": "Konya",
    "kind": "city",
    "country": "Turkey",
    "pop": 919000,
    "z": 5.6
   },
   "geometry": {
    "type": "Point",
    "coordinates": [
     32.4731,
     37.877
    ]
   }
  },
  {
   "type": "Feature",
   "properties": {
    "name": "Gulu",
    "kind": "city",
    "country": "Uganda",
    "pop": 146858,
    "z": 5.6
   },
   "geometry": {
    "type": "Point",
    "coordinates": [
     32.28,
     2.78
    ]
   }
  },
  {
   "type": "Feature",
   "properties": {
    "name": "Cottica",
    "kind": "city",
    "country": "Suriname",
    "pop": 29210,
    "z": 5.6
   },
   "geometry": {
    "type": "Point",
    "coordinates": [
     -54.2333,
     3.85
    ]
   }
  },
  {
   "type": "Feature",
   "properties": {
    "name": "Córdoba",
    "kind": "city",
    "country": "Spain",
    "pop": 321376,
    "z": 5.6
   },
   "geometry": {
    "type": "Point",
    "coordinates": [
     -4.77,
     37.88
    ]
   }
  },
  {
   "type": "Feature",
   "properties": {
    "name": "Niamey",
    "kind": "city",
    "country": "Niger",
    "pop": 232555,
    "z": 5.6
   },
   "geometry": {
    "type": "Point",
    "coordinates": [
     7.0964,
     13.4916
    ]
   }
  },
  {
   "type": "Feature",
   "properties": {
    "name": "Tahoua",
    "kind": "city",
    "country": "Niger",
    "pop": 115956,
    "z": 5.6
   },
   "geometry": {
    "type": "Point",
    "coordinates": [
     5.2599,
     14.9
    ]
   }
  },
  {
   "type": "Feature",
   "properties": {
    "name": "Constanța",
    "kind": "city",
    "country": "Romania",
    "pop": 303399,
    "z": 5.6
   },
   "geometry": {
    "type": "Point",
    "coordinates": [
     28.61,
     44.2027
    ]
   }
  },
  {
   "type": "Feature",
   "properties": {
    "name": "Iași",
    "kind": "city",
    "country": "Romania",
    "pop": 325914,
    "z": 5.6
   },
   "geometry": {
    "type": "Point",
    "coordinates": [
     27.5749,
     47.1683
    ]
   }
  },
  {
   "type": "Feature",
   "properties": {
    "name": "Surat Thani",
    "kind": "city",
    "country": "Thailand",
    "pop": 157627,
    "z": 5.6
   },
   "geometry": {
    "type": "Point",
    "coordinates": [
     99.3401,
     9.1501
    ]
   }
  },
  {
   "type": "Feature",
   "properties": {
    "name": "Chiang Mai",
    "kind": "city",
    "country": "Thailand",
    "pop": 397211,
    "z": 5.6
   },
   "geometry": {
    "type": "Point",
    "coordinates": [
     98.98,
     18.8
    ]
   }
  },
  {
   "type": "Feature",
   "properties": {
    "name": "Nakhon Ratchasima",
    "kind": "city",
    "country": "Thailand",
    "pop": 334984,
    "z": 5.6
   },
   "geometry": {
    "type": "Point",
    "coordinates": [
     102.1,
     15
    ]
   }
  },
  {
   "type": "Feature",
   "properties": {
    "name": "Piura",
    "kind": "city",
    "country": "Peru",
    "pop": 396932,
    "z": 5.6
   },
   "geometry": {
    "type": "Point",
    "coordinates": [
     -80.63,
     -5.21
    ]
   }
  },
  {
   "type": "Feature",
   "properties": {
    "name": "Arequipa",
    "kind": "city",
    "country": "Peru",
    "pop": 815000,
    "z": 5.6
   },
   "geometry": {
    "type": "Point",
    "coordinates": [
     -71.532,
     -16.418
    ]
   }
  },
  {
   "type": "Feature",
   "properties": {
    "name": "Chimbote",
    "kind": "city",
    "country": "Peru",
    "pop": 349846,
    "z": 5.6
   },
   "geometry": {
    "type": "Point",
    "coordinates": [
     -78.57,
     -9.07
    ]
   }
  },
  {
   "type": "Feature",
   "properties": {
    "name": "Huancayo",
    "kind": "city",
    "country": "Peru",
    "pop": 412733,
    "z": 5.6
   },
   "geometry": {
    "type": "Point",
    "coordinates": [
     -75.2,
     -12.08
    ]
   }
  },
  {
   "type": "Feature",
   "properties": {
    "name": "Ciudad del Este",
    "kind": "city",
    "country": "Paraguay",
    "pop": 320872,
    "z": 5.6
   },
   "geometry": {
    "type": "Point",
    "coordinates": [
     -54.6161,
     -25.5167
    ]
   }
  },
  {
   "type": "Feature",
   "properties": {
    "name": "Ponta Delgada",
    "kind": "city",
    "country": "Portugal",
    "pop": 61526,
    "z": 5.6
   },
   "geometry": {
    "type": "Point",
    "coordinates": [
     -25.6666,
     37.7483
    ]
   }
  },
  {
   "type": "Feature",
   "properties": {
    "name": "Vigo",
    "kind": "city",
    "country": "Spain",
    "pop": 378952,
    "z": 5.6
   },
   "geometry": {
    "type": "Point",
    "coordinates": [
     -8.73,
     42.22
    ]
   }
  },
  {
   "type": "Feature",
   "properties": {
    "name": "Kaolack",
    "kind": "city",
    "country": "Senegal",
    "pop": 277812,
    "z": 5.6
   },
   "geometry": {
    "type": "Point",
    "coordinates": [
     -16.1,
     14.15
    ]
   }
  },
  {
   "type": "Feature",
   "properties": {
    "name": "Kaédi",
    "kind": "city",
    "country": "Senegal",
    "pop": 21656,
    "z": 5.6
   },
   "geometry": {
    "type": "Point",
    "coordinates": [
     -13.5,
     16.15
    ]
   }
  },
  {
   "type": "Feature",
   "properties": {
    "name": "Geneina",
    "kind": "city",
    "country": "Sudan",
    "pop": 162981,
    "z": 5.6
   },
   "geometry": {
    "type": "Point",
    "coordinates": [
     22.44,
     13.45
    ]
   }
  },
  {
   "type": "Feature",
   "properties": {
    "name": "Tabuk",
    "kind": "city",
    "country": "Saudi Arabia",
    "pop": 547957,
    "z": 5.6
   },
   "geometry": {
    "type": "Point",
    "coordinates": [
     36.555,
     28.3838
    ]
   }
  },
  {
   "type": "Feature",
   "properties": {
    "name": "Malakal",
    "kind": "city",
    "country": "South Sudan",
    "pop": 160765,
    "z": 5.6
   },
   "geometry": {
    "type": "Point",
    "coordinates": [
     31.656,
     9.5369
    ]
   }
  },
  {
   "type": "Feature",
   "properties": {
    "name": "Omdurman",
    "kind": "city",
    "country": "Sudan",
    "pop": 2395159,
    "z": 5.6
   },
   "geometry": {
    "type": "Point",
    "coordinates": [
     32.48,
     15.6167
    ]
   }
  },
  {
   "type": "Feature",
   "properties": {
    "name": "Al-Ubayyid",
    "kind": "city",
    "country": "Sudan",
    "pop": 393311,
    "z": 5.6
   },
   "geometry": {
    "type": "Point",
    "coordinates": [
     30.2167,
     13.1833
    ]
   }
  },
  {
   "type": "Feature",
   "properties": {
    "name": "Kristiansand",
    "kind": "city",
    "country": "Norway",
    "pop": 63814,
    "z": 5.6
   },
   "geometry": {
    "type": "Point",
    "coordinates": [
     8,
     58.1666
    ]
   }
  },
  {
   "type": "Feature",
   "properties": {
    "name": "Quetta",
    "kind": "city",
    "country": "Pakistan",
    "pop": 768000,
    "z": 5.6
   },
   "geometry": {
    "type": "Point",
    "coordinates": [
     67.023,
     30.2219
    ]
   }
  },
  {
   "type": "Feature",
   "properties": {
    "name": "Larkana",
    "kind": "city",
    "country": "Pakistan",
    "pop": 364033,
    "z": 5.6
   },
   "geometry": {
    "type": "Point",
    "coordinates": [
     68.2068,
     27.5618
    ]
   }
  },
  {
   "type": "Feature",
   "properties": {
    "name": "Springbok",
    "kind": "city",
    "country": "South Africa",
    "pop": 10438,
    "z": 5.6
   },
   "geometry": {
    "type": "Point",
    "coordinates": [
     17.8833,
     -29.6667
    ]
   }
  },
  {
   "type": "Feature",
   "properties": {
    "name": "Upington",
    "kind": "city",
    "country": "South Africa",
    "pop": 71373,
    "z": 5.6
   },
   "geometry": {
    "type": "Point",
    "coordinates": [
     21.23,
     -28.46
    ]
   }
  },
  {
   "type": "Feature",
   "properties": {
    "name": "Worcester",
    "kind": "city",
    "country": "South Africa",
    "pop": 127597,
    "z": 5.6
   },
   "geometry": {
    "type": "Point",
    "coordinates": [
     19.4399,
     -33.64
    ]
   }
  },
  {
   "type": "Feature",
   "properties": {
    "name": "George",
    "kind": "city",
    "country": "South Africa",
    "pop": 174582,
    "z": 5.6
   },
   "geometry": {
    "type": "Point",
    "coordinates": [
     22.45,
     -33.95
    ]
   }
  },
  {
   "type": "Feature",
   "properties": {
    "name": "Tete",
    "kind": "city",
    "country": "Mozambique",
    "pop": 129316,
    "z": 5.6
   },
   "geometry": {
    "type": "Point",
    "coordinates": [
     33.58,
     -16.17
    ]
   }
  },
  {
   "type": "Feature",
   "properties": {
    "name": "Pemba",
    "kind": "city",
    "country": "Mozambique",
    "pop": 110643,
    "z": 5.6
   },
   "geometry": {
    "type": "Point",
    "coordinates": [
     40.5323,
     -12.983
    ]
   }
  },
  {
   "type": "Feature",
   "properties": {
    "name": "Nampula",
    "kind": "city",
    "country": "Mozambique",
    "pop": 388526,
    "z": 5.6
   },
   "geometry": {
    "type": "Point",
    "coordinates": [
     39.293,
     -15.136
    ]
   }
  },
  {
   "type": "Feature",
   "properties": {
    "name": "Xai-Xai",
    "kind": "city",
    "country": "Mozambique",
    "pop": 128805,
    "z": 5.6
   },
   "geometry": {
    "type": "Point",
    "coordinates": [
     33.64,
     -25.04
    ]
   }
  },
  {
   "type": "Feature",
   "properties": {
    "name": "Goroka",
    "kind": "city",
    "country": "Papua New Guinea",
    "pop": 39699,
    "z": 5.6
   },
   "geometry": {
    "type": "Point",
    "coordinates": [
     145.3855,
     -6.0833
    ]
   }
  },
  {
   "type": "Feature",
   "properties": {
    "name": "Mt.  Hagen",
    "kind": "city",
    "country": "Papua New Guinea",
    "pop": 59064,
    "z": 5.6
   },
   "geometry": {
    "type": "Point",
    "coordinates": [
     144.2168,
     -5.8632
    ]
   }
  },
  {
   "type": "Feature",
   "properties": {
    "name": "Rabaul",
    "kind": "city",
    "country": "Papua New Guinea",
    "pop": 8074,
    "z": 5.6
   },
   "geometry": {
    "type": "Point",
    "coordinates": [
     152.1434,
     -4.2055
    ]
   }
  },
  {
   "type": "Feature",
   "properties": {
    "name": "Lae",
    "kind": "city",
    "country": "Papua New Guinea",
    "pop": 131052,
    "z": 5.6
   },
   "geometry": {
    "type": "Point",
    "coordinates": [
     146.99,
     -6.733
    ]
   }
  },
  {
   "type": "Feature",
   "properties": {
    "name": "David",
    "kind": "city",
    "country": "Panama",
    "pop": 110037,
    "z": 5.6
   },
   "geometry": {
    "type": "Point",
    "coordinates": [
     -82.4333,
     8.4333
    ]
   }
  },
  {
   "type": "Feature",
   "properties": {
    "name": "Oujda",
    "kind": "city",
    "country": "Morocco",
    "pop": 409391,
    "z": 5.6
   },
   "geometry": {
    "type": "Point",
    "coordinates": [
     -1.91,
     34.69
    ]
   }
  },
  {
   "type": "Feature",
   "properties": {
    "name": "Safi",
    "kind": "city",
    "country": "Morocco",
    "pop": 353476,
    "z": 5.6
   },
   "geometry": {
    "type": "Point",
    "coordinates": [
     -9.24,
     32.32
    ]
   }
  },
  {
   "type": "Feature",
   "properties": {
    "name": "Quelimane",
    "kind": "city",
    "country": "Mozambique",
    "pop": 188964,
    "z": 5.6
   },
   "geometry": {
    "type": "Point",
    "coordinates": [
     36.89,
     -17.88
    ]
   }
  },
  {
   "type": "Feature",
   "properties": {
    "name": "East London",
    "kind": "city",
    "country": "South Africa",
    "pop": 338627,
    "z": 5.6
   },
   "geometry": {
    "type": "Point",
    "coordinates": [
     27.87,
     -32.97
    ]
   }
  },
  {
   "type": "Feature",
   "properties": {
    "name": "Nalchik",
    "kind": "city",
    "country": "Russia",
    "pop": 307866,
    "z": 5.6
   },
   "geometry": {
    "type": "Point",
    "coordinates": [
     43.6179,
     43.4981
    ]
   }
  },
  {
   "type": "Feature",
   "properties": {
    "name": "Stavropol",
    "kind": "city",
    "country": "Russia",
    "pop": 363064,
    "z": 5.6
   },
   "geometry": {
    "type": "Point",
    "coordinates": [
     41.98,
     45.05
    ]
   }
  },
  {
   "type": "Feature",
   "properties": {
    "name": "Ugolnye Kopi",
    "kind": "city",
    "country": "Russia",
    "pop": 3367,
    "z": 5.6
   },
   "geometry": {
    "type": "Point",
    "coordinates": [
     177.7,
     64.7333
    ]
   }
  },
  {
   "type": "Feature",
   "properties": {
    "name": "Tver",
    "kind": "city",
    "country": "Russia",
    "pop": 400212,
    "z": 5.6
   },
   "geometry": {
    "type": "Point",
    "coordinates": [
     35.89,
     56.86
    ]
   }
  },
  {
   "type": "Feature",
   "properties": {
    "name": "Ryazan",
    "kind": "city",
    "country": "Russia",
    "pop": 520173,
    "z": 5.6
   },
   "geometry": {
    "type": "Point",
    "coordinates": [
     39.72,
     54.62
    ]
   }
  },
  {
   "type": "Feature",
   "properties": {
    "name": "Vorkuta",
    "kind": "city",
    "country": "Russia",
    "pop": 80039,
    "z": 5.6
   },
   "geometry": {
    "type": "Point",
    "coordinates": [
     64.01,
     67.5
    ]
   }
  },
  {
   "type": "Feature",
   "properties": {
    "name": "Ulyanovsk",
    "kind": "city",
    "country": "Russia",
    "pop": 640680,
    "z": 5.6
   },
   "geometry": {
    "type": "Point",
    "coordinates": [
     48.41,
     54.33
    ]
   }
  },
  {
   "type": "Feature",
   "properties": {
    "name": "Tyumen",
    "kind": "city",
    "country": "Russia",
    "pop": 519119,
    "z": 5.6
   },
   "geometry": {
    "type": "Point",
    "coordinates": [
     65.53,
     57.14
    ]
   }
  },
  {
   "type": "Feature",
   "properties": {
    "name": "Kandy",
    "kind": "city",
    "country": "Sri Lanka",
    "pop": 111701,
    "z": 5.6
   },
   "geometry": {
    "type": "Point",
    "coordinates": [
     80.67,
     7.28
    ]
   }
  },
  {
   "type": "Feature",
   "properties": {
    "name": "Gwangju",
    "kind": "city",
    "country": "South Korea",
    "pop": 1440000,
    "z": 5.6
   },
   "geometry": {
    "type": "Point",
    "coordinates": [
     126.9085,
     35.1729
    ]
   }
  },
  {
   "type": "Feature",
   "properties": {
    "name": "Busan",
    "kind": "city",
    "country": "South Korea",
    "pop": 3480000,
    "z": 5.6
   },
   "geometry": {
    "type": "Point",
    "coordinates": [
     129.0081,
     35.097
    ]
   }
  },
  {
   "type": "Feature",
   "properties": {
    "name": "Zamboanga",
    "kind": "city",
    "country": "Philippines",
    "pop": 773000,
    "z": 5.6
   },
   "geometry": {
    "type": "Point",
    "coordinates": [
     122.0781,
     6.9219
    ]
   }
  },
  {
   "type": "Feature",
   "properties": {
    "name": "Laoag",
    "kind": "city",
    "country": "Philippines",
    "pop": 207048,
    "z": 5.6
   },
   "geometry": {
    "type": "Point",
    "coordinates": [
     120.5936,
     18.1988
    ]
   }
  },
  {
   "type": "Feature",
   "properties": {
    "name": "General Santos",
    "kind": "city",
    "country": "Philippines",
    "pop": 950530,
    "z": 5.6
   },
   "geometry": {
    "type": "Point",
    "coordinates": [
     125.1747,
     6.1108
    ]
   }
  },
  {
   "type": "Feature",
   "properties": {
    "name": "Ust-Ilimsk",
    "kind": "city",
    "country": "Russia",
    "pop": 100271,
    "z": 5.6
   },
   "geometry": {
    "type": "Point",
    "coordinates": [
     102.6333,
     57.99
    ]
   }
  },
  {
   "type": "Feature",
   "properties": {
    "name": "Angarsk",
    "kind": "city",
    "country": "Russia",
    "pop": 243158,
    "z": 5.6
   },
   "geometry": {
    "type": "Point",
    "coordinates": [
     103.92,
     52.56
    ]
   }
  },
  {
   "type": "Feature",
   "properties": {
    "name": "Abakan",
    "kind": "city",
    "country": "Russia",
    "pop": 167289,
    "z": 5.6
   },
   "geometry": {
    "type": "Point",
    "coordinates": [
     91.445,
     53.7037
    ]
   }
  },
  {
   "type": "Feature",
   "properties": {
    "name": "Norilsk",
    "kind": "city",
    "country": "Russia",
    "pop": 165873,
    "z": 5.6
   },
   "geometry": {
    "type": "Point",
    "coordinates": [
     88.225,
     69.34
    ]
   }
  },
  {
   "type": "Feature",
   "properties": {
    "name": "Khatanga",
    "kind": "city",
    "country": "Russia",
    "pop": 3205,
    "z": 5.6
   },
   "geometry": {
    "type": "Point",
    "coordinates": [
     102.465,
     72.0411
    ]
   }
  },
  {
   "type": "Feature",
   "properties": {
    "name": "Kyzyl",
    "kind": "city",
    "country": "Russia",
    "pop": 108240,
    "z": 5.6
   },
   "geometry": {
    "type": "Point",
    "coordinates": [
     94.3831,
     51.7067
    ]
   }
  },
  {
   "type": "Feature",
   "properties": {
    "name": "Ulan-Ude",
    "kind": "city",
    "country": "Russia",
    "pop": 360278,
    "z": 5.6
   },
   "geometry": {
    "type": "Point",
    "coordinates": [
     107.625,
     51.825
    ]
   }
  },
  {
   "type": "Feature",
   "properties": {
    "name": "Blagoveshchensk",
    "kind": "city",
    "country": "Russia",
    "pop": 221296,
    "z": 5.6
   },
   "geometry": {
    "type": "Point",
    "coordinates": [
     127.5333,
     50.2666
    ]
   }
  },
  {
   "type": "Feature",
   "properties": {
    "name": "Bukachacha",
    "kind": "city",
    "country": "Russia",
    "pop": 3372,
    "z": 5.6
   },
   "geometry": {
    "type": "Point",
    "coordinates": [
     116.9166,
     52.9833
    ]
   }
  },
  {
   "type": "Feature",
   "properties": {
    "name": "Dalnegorsk",
    "kind": "city",
    "country": "Russia",
    "pop": 8123,
    "z": 5.6
   },
   "geometry": {
    "type": "Point",
    "coordinates": [
     135.5172,
     44.5372
    ]
   }
  },
  {
   "type": "Feature",
   "properties": {
    "name": "Ambarchik",
    "kind": "city",
    "country": "Russia",
    "pop": null,
    "z": 5.6
   },
   "geometry": {
    "type": "Point",
    "coordinates": [
     162.3336,
     69.651
    ]
   }
  },
  {
   "type": "Feature",
   "properties": {
    "name": "Batagay",
    "kind": "city",
    "country": "Russia",
    "pop": 4266,
    "z": 5.6
   },
   "geometry": {
    "type": "Point",
    "coordinates": [
     134.635,
     67.656
    ]
   }
  },
  {
   "type": "Feature",
   "properties": {
    "name": "Chokurdakh",
    "kind": "city",
    "country": "Russia",
    "pop": 2506,
    "z": 5.6
   },
   "geometry": {
    "type": "Point",
    "coordinates": [
     147.8946,
     70.6183
    ]
   }
  },
  {
   "type": "Feature",
   "properties": {
    "name": "Ust-Nera",
    "kind": "city",
    "country": "Russia",
    "pop": 9148,
    "z": 5.6
   },
   "geometry": {
    "type": "Point",
    "coordinates": [
     143.2,
     64.5666
    ]
   }
  },
  {
   "type": "Feature",
   "properties": {
    "name": "Lensk",
    "kind": "city",
    "country": "Russia",
    "pop": 25589,
    "z": 5.6
   },
   "geometry": {
    "type": "Point",
    "coordinates": [
     114.947,
     60.7253
    ]
   }
  },
  {
   "type": "Feature",
   "properties": {
    "name": "Aldan",
    "kind": "city",
    "country": "Russia",
    "pop": 24426,
    "z": 5.6
   },
   "geometry": {
    "type": "Point",
    "coordinates": [
     125.3894,
     58.603
    ]
   }
  },
  {
   "type": "Feature",
   "properties": {
    "name": "Khabarovsk",
    "kind": "city",
    "country": "Russia",
    "pop": 579000,
    "z": 5.6
   },
   "geometry": {
    "type": "Point",
    "coordinates": [
     135.12,
     48.455
    ]
   }
  },
  {
   "type": "Feature",
   "properties": {
    "name": "Okha",
    "kind": "city",
    "country": "Russia",
    "pop": 26560,
    "z": 5.6
   },
   "geometry": {
    "type": "Point",
    "coordinates": [
     142.9479,
     53.5739
    ]
   }
  },
  {
   "type": "Feature",
   "properties": {
    "name": "Mexicali",
    "kind": "city",
    "country": "Mexico",
    "pop": 885000,
    "z": 5.6
   },
   "geometry": {
    "type": "Point",
    "coordinates": [
     -115.482,
     32.6519
    ]
   }
  },
  {
   "type": "Feature",
   "properties": {
    "name": "La Paz",
    "kind": "city",
    "country": "Mexico",
    "pop": 189767,
    "z": 5.6
   },
   "geometry": {
    "type": "Point",
    "coordinates": [
     -110.32,
     24.14
    ]
   }
  },
  {
   "type": "Feature",
   "properties": {
    "name": "Torreón",
    "kind": "city",
    "country": "Mexico",
    "pop": 1144000,
    "z": 5.6
   },
   "geometry": {
    "type": "Point",
    "coordinates": [
     -103.4219,
     25.572
    ]
   }
  },
  {
   "type": "Feature",
   "properties": {
    "name": "Culiacán",
    "kind": "city",
    "country": "Mexico",
    "pop": 809000,
    "z": 5.6
   },
   "geometry": {
    "type": "Point",
    "coordinates": [
     -107.3819,
     24.8319
    ]
   }
  },
  {
   "type": "Feature",
   "properties": {
    "name": "Nogales",
    "kind": "city",
    "country": "Mexico",
    "pop": 178097,
    "z": 5.6
   },
   "geometry": {
    "type": "Point",
    "coordinates": [
     -110.945,
     31.305
    ]
   }
  },
  {
   "type": "Feature",
   "properties": {
    "name": "Hermosillo",
    "kind": "city",
    "country": "Mexico",
    "pop": 595811,
    "z": 5.6
   },
   "geometry": {
    "type": "Point",
    "coordinates": [
     -110.9541,
     29.0989
    ]
   }
  },
  {
   "type": "Feature",
   "properties": {
    "name": "Guaymas",
    "kind": "city",
    "country": "Mexico",
    "pop": 103449,
    "z": 5.6
   },
   "geometry": {
    "type": "Point",
    "coordinates": [
     -110.89,
     27.93
    ]
   }
  },
  {
   "type": "Feature",
   "properties": {
    "name": "San Luis Potosí",
    "kind": "city",
    "country": "Mexico",
    "pop": 992000,
    "z": 5.6
   },
   "geometry": {
    "type": "Point",
    "coordinates": [
     -101.0019,
     22.1719
    ]
   }
  },
  {
   "type": "Feature",
   "properties": {
    "name": "Matamoros",
    "kind": "city",
    "country": "Mexico",
    "pop": 538785,
    "z": 5.6
   },
   "geometry": {
    "type": "Point",
    "coordinates": [
     -97.5,
     25.88
    ]
   }
  },
  {
   "type": "Feature",
   "properties": {
    "name": "Nuevo Laredo",
    "kind": "city",
    "country": "Mexico",
    "pop": 349550,
    "z": 5.6
   },
   "geometry": {
    "type": "Point",
    "coordinates": [
     -99.55,
     27.5
    ]
   }
  },
  {
   "type": "Feature",
   "properties": {
    "name": "Colima",
    "kind": "city",
    "country": "Mexico",
    "pop": 223287,
    "z": 5.6
   },
   "geometry": {
    "type": "Point",
    "coordinates": [
     -103.72,
     19.23
    ]
   }
  },
  {
   "type": "Feature",
   "properties": {
    "name": "Campeche",
    "kind": "city",
    "country": "Mexico",
    "pop": 205212,
    "z": 5.6
   },
   "geometry": {
    "type": "Point",
    "coordinates": [
     -90.5,
     19.83
    ]
   }
  },
  {
   "type": "Feature",
   "properties": {
    "name": "León",
    "kind": "city",
    "country": "Mexico",
    "pop": 1488000,
    "z": 5.6
   },
   "geometry": {
    "type": "Point",
    "coordinates": [
     -101.702,
     21.1519
    ]
   }
  },
  {
   "type": "Feature",
   "properties": {
    "name": "Maiduguri",
    "kind": "city",
    "country": "Nigeria",
    "pop": 896000,
    "z": 5.6
   },
   "geometry": {
    "type": "Point",
    "coordinates": [
     13.1581,
     11.8519
    ]
   }
  },
  {
   "type": "Feature",
   "properties": {
    "name": "Port Harcourt",
    "kind": "city",
    "country": "Nigeria",
    "pop": 1020000,
    "z": 5.6
   },
   "geometry": {
    "type": "Point",
    "coordinates": [
     7.0081,
     4.8119
    ]
   }
  },
  {
   "type": "Feature",
   "properties": {
    "name": "Makurdi",
    "kind": "city",
    "country": "Nigeria",
    "pop": 292645,
    "z": 5.6
   },
   "geometry": {
    "type": "Point",
    "coordinates": [
     8.53,
     7.73
    ]
   }
  },
  {
   "type": "Feature",
   "properties": {
    "name": "Ogbomosho",
    "kind": "city",
    "country": "Nigeria",
    "pop": 951000,
    "z": 5.6
   },
   "geometry": {
    "type": "Point",
    "coordinates": [
     4.238,
     8.132
    ]
   }
  },
  {
   "type": "Feature",
   "properties": {
    "name": "Warri",
    "kind": "city",
    "country": "Nigeria",
    "pop": 830106,
    "z": 5.6
   },
   "geometry": {
    "type": "Point",
    "coordinates": [
     5.76,
     5.52
    ]
   }
  },
  {
   "type": "Feature",
   "properties": {
    "name": "Kaduna",
    "kind": "city",
    "country": "Nigeria",
    "pop": 1442000,
    "z": 5.6
   },
   "geometry": {
    "type": "Point",
    "coordinates": [
     7.4381,
     10.522
    ]
   }
  },
  {
   "type": "Feature",
   "properties": {
    "name": "Dalandzadgad",
    "kind": "city",
    "country": "Mongolia",
    "pop": 15093,
    "z": 5.6
   },
   "geometry": {
    "type": "Point",
    "coordinates": [
     104.4403,
     43.5836
    ]
   }
  },
  {
   "type": "Feature",
   "properties": {
    "name": "Wonsan",
    "kind": "city",
    "country": "North Korea",
    "pop": 329207,
    "z": 5.6
   },
   "geometry": {
    "type": "Point",
    "coordinates": [
     127.4308,
     39.1605
    ]
   }
  },
  {
   "type": "Feature",
   "properties": {
    "name": "Sinuiju",
    "kind": "city",
    "country": "North Korea",
    "pop": 288112,
    "z": 5.6
   },
   "geometry": {
    "type": "Point",
    "coordinates": [
     124.4213,
     40.0859
    ]
   }
  },
  {
   "type": "Feature",
   "properties": {
    "name": "Dund-Us",
    "kind": "city",
    "country": "Mongolia",
    "pop": 30500,
    "z": 5.6
   },
   "geometry": {
    "type": "Point",
    "coordinates": [
     91.6333,
     48.0166
    ]
   }
  },
  {
   "type": "Feature",
   "properties": {
    "name": "Choibalsan",
    "kind": "city",
    "country": "Mongolia",
    "pop": 33376,
    "z": 5.6
   },
   "geometry": {
    "type": "Point",
    "coordinates": [
     114.506,
     48.0666
    ]
   }
  },
  {
   "type": "Feature",
   "properties": {
    "name": "Lüderitz",
    "kind": "city",
    "country": "Namibia",
    "pop": 15137,
    "z": 5.6
   },
   "geometry": {
    "type": "Point",
    "coordinates": [
     15.1594,
     -26.648
    ]
   }
  },
  {
   "type": "Feature",
   "properties": {
    "name": "Walvis Bay",
    "kind": "city",
    "country": "Namibia",
    "pop": 52058,
    "z": 5.6
   },
   "geometry": {
    "type": "Point",
    "coordinates": [
     14.5053,
     -22.9575
    ]
   }
  },
  {
   "type": "Feature",
   "properties": {
    "name": "Mwanza",
    "kind": "city",
    "country": "Tanzania",
    "pop": 493944,
    "z": 5.6
   },
   "geometry": {
    "type": "Point",
    "coordinates": [
     32.93,
     -2.52
    ]
   }
  },
  {
   "type": "Feature",
   "properties": {
    "name": "Morogoro",
    "kind": "city",
    "country": "Tanzania",
    "pop": 250902,
    "z": 5.6
   },
   "geometry": {
    "type": "Point",
    "coordinates": [
     37.66,
     -6.82
    ]
   }
  },
  {
   "type": "Feature",
   "properties": {
    "name": "Arusha",
    "kind": "city",
    "country": "Tanzania",
    "pop": 341136,
    "z": 5.6
   },
   "geometry": {
    "type": "Point",
    "coordinates": [
     36.67,
     -3.36
    ]
   }
  },
  {
   "type": "Feature",
   "properties": {
    "name": "Ternate",
    "kind": "city",
    "country": "Indonesia",
    "pop": 187521,
    "z": 5.6
   },
   "geometry": {
    "type": "Point",
    "coordinates": [
     127.363,
     0.793
    ]
   }
  },
  {
   "type": "Feature",
   "properties": {
    "name": "Ambon",
    "kind": "city",
    "country": "Indonesia",
    "pop": 355596,
    "z": 5.6
   },
   "geometry": {
    "type": "Point",
    "coordinates": [
     128.2,
     -3.7167
    ]
   }
  },
  {
   "type": "Feature",
   "properties": {
    "name": "Raba",
    "kind": "city",
    "country": "Indonesia",
    "pop": 106101,
    "z": 5.6
   },
   "geometry": {
    "type": "Point",
    "coordinates": [
     118.7666,
     -8.45
    ]
   }
  },
  {
   "type": "Feature",
   "properties": {
    "name": "Jayapura",
    "kind": "city",
    "country": "Indonesia",
    "pop": 169341,
    "z": 5.6
   },
   "geometry": {
    "type": "Point",
    "coordinates": [
     140.7,
     -2.533
    ]
   }
  },
  {
   "type": "Feature",
   "properties": {
    "name": "Florence",
    "kind": "city",
    "country": "Italy",
    "pop": 1500000,
    "z": 5.6
   },
   "geometry": {
    "type": "Point",
    "coordinates": [
     11.25,
     43.78
    ]
   }
  },
  {
   "type": "Feature",
   "properties": {
    "name": "Catania",
    "kind": "city",
    "country": "Italy",
    "pop": 674542,
    "z": 5.6
   },
   "geometry": {
    "type": "Point",
    "coordinates": [
     15.08,
     37.5
    ]
   }
  },
  {
   "type": "Feature",
   "properties": {
    "name": "Meru",
    "kind": "city",
    "country": "Kenya",
    "pop": 47226,
    "z": 5.6
   },
   "geometry": {
    "type": "Point",
    "coordinates": [
     37.64,
     0.06
    ]
   }
  },
  {
   "type": "Feature",
   "properties": {
    "name": "Eldoret",
    "kind": "city",
    "country": "Kenya",
    "pop": 353381,
    "z": 5.6
   },
   "geometry": {
    "type": "Point",
    "coordinates": [
     35.27,
     0.52
    ]
   }
  },
  {
   "type": "Feature",
   "properties": {
    "name": "Banda Aceh",
    "kind": "city",
    "country": "Indonesia",
    "pop": 513698,
    "z": 5.6
   },
   "geometry": {
    "type": "Point",
    "coordinates": [
     95.32,
     5.55
    ]
   }
  },
  {
   "type": "Feature",
   "properties": {
    "name": "Zhangye",
    "kind": "city",
    "country": "China",
    "pop": 230728,
    "z": 5.6
   },
   "geometry": {
    "type": "Point",
    "coordinates": [
     100.45,
     38.93
    ]
   }
  },
  {
   "type": "Feature",
   "properties": {
    "name": "Wuwei",
    "kind": "city",
    "country": "China",
    "pop": 493092,
    "z": 5.6
   },
   "geometry": {
    "type": "Point",
    "coordinates": [
     102.641,
     37.928
    ]
   }
  },
  {
   "type": "Feature",
   "properties": {
    "name": "Tianshui",
    "kind": "city",
    "country": "China",
    "pop": 1225000,
    "z": 5.6
   },
   "geometry": {
    "type": "Point",
    "coordinates": [
     105.918,
     34.602
    ]
   }
  },
  {
   "type": "Feature",
   "properties": {
    "name": "Dulan",
    "kind": "city",
    "country": "China",
    "pop": 100,
    "z": 5.6
   },
   "geometry": {
    "type": "Point",
    "coordinates": [
     98.2666,
     36.1666
    ]
   }
  },
  {
   "type": "Feature",
   "properties": {
    "name": "Yulin",
    "kind": "city",
    "country": "China",
    "pop": 1127000,
    "z": 5.6
   },
   "geometry": {
    "type": "Point",
    "coordinates": [
     110.1481,
     22.6319
    ]
   }
  },
  {
   "type": "Feature",
   "properties": {
    "name": "Bose",
    "kind": "city",
    "country": "China",
    "pop": 175282,
    "z": 5.6
   },
   "geometry": {
    "type": "Point",
    "coordinates": [
     106.6133,
     23.8997
    ]
   }
  },
  {
   "type": "Feature",
   "properties": {
    "name": "Wuzhou",
    "kind": "city",
    "country": "China",
    "pop": 442315,
    "z": 5.6
   },
   "geometry": {
    "type": "Point",
    "coordinates": [
     111.32,
     23.48
    ]
   }
  },
  {
   "type": "Feature",
   "properties": {
    "name": "Liupanshui",
    "kind": "city",
    "country": "China",
    "pop": 1221000,
    "z": 5.6
   },
   "geometry": {
    "type": "Point",
    "coordinates": [
     104.8314,
     26.5964
    ]
   }
  },
  {
   "type": "Feature",
   "properties": {
    "name": "Quanzhou",
    "kind": "city",
    "country": "China",
    "pop": 1463000,
    "z": 5.6
   },
   "geometry": {
    "type": "Point",
    "coordinates": [
     118.578,
     24.902
    ]
   }
  },
  {
   "type": "Feature",
   "properties": {
    "name": "Hefei",
    "kind": "city",
    "country": "China",
    "pop": 2035000,
    "z": 5.6
   },
   "geometry": {
    "type": "Point",
    "coordinates": [
     117.2781,
     31.852
    ]
   }
  },
  {
   "type": "Feature",
   "properties": {
    "name": "Suzhou",
    "kind": "city",
    "country": "China",
    "pop": 1964000,
    "z": 5.6
   },
   "geometry": {
    "type": "Point",
    "coordinates": [
     116.9769,
     33.6381
    ]
   }
  },
  {
   "type": "Feature",
   "properties": {
    "name": "Zhanjiang",
    "kind": "city",
    "country": "China",
    "pop": 1590000,
    "z": 5.6
   },
   "geometry": {
    "type": "Point",
    "coordinates": [
     110.3781,
     21.2019
    ]
   }
  },
  {
   "type": "Feature",
   "properties": {
    "name": "Balikpapan",
    "kind": "city",
    "country": "Indonesia",
    "pop": 445905,
    "z": 5.6
   },
   "geometry": {
    "type": "Point",
    "coordinates": [
     116.83,
     -1.25
    ]
   }
  },
  {
   "type": "Feature",
   "properties": {
    "name": "Kuching",
    "kind": "city",
    "country": "Malaysia",
    "pop": 570407,
    "z": 5.6
   },
   "geometry": {
    "type": "Point",
    "coordinates": [
     110.33,
     1.53
    ]
   }
  },
  {
   "type": "Feature",
   "properties": {
    "name": "Antsiranana",
    "kind": "city",
    "country": "Madagascar",
    "pop": 82937,
    "z": 5.6
   },
   "geometry": {
    "type": "Point",
    "coordinates": [
     49.3115,
     -12.2765
    ]
   }
  },
  {
   "type": "Feature",
   "properties": {
    "name": "Fianarantsoa",
    "kind": "city",
    "country": "Madagascar",
    "pop": 184184,
    "z": 5.6
   },
   "geometry": {
    "type": "Point",
    "coordinates": [
     47.0833,
     -21.4333
    ]
   }
  },
  {
   "type": "Feature",
   "properties": {
    "name": "Mahajanga",
    "kind": "city",
    "country": "Madagascar",
    "pop": 154657,
    "z": 5.6
   },
   "geometry": {
    "type": "Point",
    "coordinates": [
     46.345,
     -15.67
    ]
   }
  },
  {
   "type": "Feature",
   "properties": {
    "name": "Surakarta",
    "kind": "city",
    "country": "Indonesia",
    "pop": 555308,
    "z": 5.6
   },
   "geometry": {
    "type": "Point",
    "coordinates": [
     110.825,
     -7.565
    ]
   }
  },
  {
   "type": "Feature",
   "properties": {
    "name": "Bandar Lampung",
    "kind": "city",
    "country": "Indonesia",
    "pop": 865000,
    "z": 5.6
   },
   "geometry": {
    "type": "Point",
    "coordinates": [
     105.2681,
     -5.4281
    ]
   }
  },
  {
   "type": "Feature",
   "properties": {
    "name": "Tanjung Pandan",
    "kind": "city",
    "country": "Indonesia",
    "pop": 62374,
    "z": 5.6
   },
   "geometry": {
    "type": "Point",
    "coordinates": [
     107.65,
     -2.75
    ]
   }
  },
  {
   "type": "Feature",
   "properties": {
    "name": "Malang",
    "kind": "city",
    "country": "Indonesia",
    "pop": 805000,
    "z": 5.6
   },
   "geometry": {
    "type": "Point",
    "coordinates": [
     112.6081,
     -7.978
    ]
   }
  },
  {
   "type": "Feature",
   "properties": {
    "name": "Kupang",
    "kind": "city",
    "country": "Indonesia",
    "pop": 282396,
    "z": 5.6
   },
   "geometry": {
    "type": "Point",
    "coordinates": [
     123.583,
     -10.1787
    ]
   }
  },
  {
   "type": "Feature",
   "properties": {
    "name": "Parepare",
    "kind": "city",
    "country": "Indonesia",
    "pop": 87776,
    "z": 5.6
   },
   "geometry": {
    "type": "Point",
    "coordinates": [
     119.6333,
     -4.0167
    ]
   }
  },
  {
   "type": "Feature",
   "properties": {
    "name": "Cuenca",
    "kind": "city",
    "country": "Ecuador",
    "pop": 286878,
    "z": 5.6
   },
   "geometry": {
    "type": "Point",
    "coordinates": [
     -79,
     -2.9
    ]
   }
  },
  {
   "type": "Feature",
   "properties": {
    "name": "Santa Cruz",
    "kind": "city",
    "country": "Ecuador",
    "pop": 11262,
    "z": 5.6
   },
   "geometry": {
    "type": "Point",
    "coordinates": [
     -90.35,
     -0.5333
    ]
   }
  },
  {
   "type": "Feature",
   "properties": {
    "name": "Limón",
    "kind": "city",
    "country": "Costa Rica",
    "pop": 85001,
    "z": 5.6
   },
   "geometry": {
    "type": "Point",
    "coordinates": [
     -83.0333,
     10
    ]
   }
  },
  {
   "type": "Feature",
   "properties": {
    "name": "Santiago",
    "kind": "city",
    "country": "Dominican Republic",
    "pop": 1550753,
    "z": 5.6
   },
   "geometry": {
    "type": "Point",
    "coordinates": [
     -70.67,
     19.5
    ]
   }
  },
  {
   "type": "Feature",
   "properties": {
    "name": "Manizales",
    "kind": "city",
    "country": "Colombia",
    "pop": 375848,
    "z": 5.6
   },
   "geometry": {
    "type": "Point",
    "coordinates": [
     -75.52,
     5.06
    ]
   }
  },
  {
   "type": "Feature",
   "properties": {
    "name": "Pasto",
    "kind": "city",
    "country": "Colombia",
    "pop": 382236,
    "z": 5.6
   },
   "geometry": {
    "type": "Point",
    "coordinates": [
     -77.2811,
     1.2136
    ]
   }
  },
  {
   "type": "Feature",
   "properties": {
    "name": "Barranquilla",
    "kind": "city",
    "country": "Colombia",
    "pop": 1798000,
    "z": 5.6
   },
   "geometry": {
    "type": "Point",
    "coordinates": [
     -74.8019,
     10.9619
    ]
   }
  },
  {
   "type": "Feature",
   "properties": {
    "name": "Mbandaka",
    "kind": "city",
    "country": "Congo (Kinshasa)",
    "pop": 274996,
    "z": 5.6
   },
   "geometry": {
    "type": "Point",
    "coordinates": [
     18.26,
     0.04
    ]
   }
  },
  {
   "type": "Feature",
   "properties": {
    "name": "Moundou",
    "kind": "city",
    "country": "Chad",
    "pop": 156705,
    "z": 5.6
   },
   "geometry": {
    "type": "Point",
    "coordinates": [
     16.09,
     8.55
    ]
   }
  },
  {
   "type": "Feature",
   "properties": {
    "name": "Suez",
    "kind": "city",
    "country": "Egypt",
    "pop": 508335,
    "z": 5.6
   },
   "geometry": {
    "type": "Point",
    "coordinates": [
     32.5499,
     30.005
    ]
   }
  },
  {
   "type": "Feature",
   "properties": {
    "name": "Bur Said",
    "kind": "city",
    "country": "Egypt",
    "pop": 623864,
    "z": 5.6
   },
   "geometry": {
    "type": "Point",
    "coordinates": [
     32.29,
     31.26
    ]
   }
  },
  {
   "type": "Feature",
   "properties": {
    "name": "El Faiyum",
    "kind": "city",
    "country": "Egypt",
    "pop": 316772,
    "z": 5.6
   },
   "geometry": {
    "type": "Point",
    "coordinates": [
     30.84,
     29.31
    ]
   }
  },
  {
   "type": "Feature",
   "properties": {
    "name": "Aswan",
    "kind": "city",
    "country": "Egypt",
    "pop": 313442,
    "z": 5.6
   },
   "geometry": {
    "type": "Point",
    "coordinates": [
     32.8989,
     24.0875
    ]
   }
  },
  {
   "type": "Feature",
   "properties": {
    "name": "Asyut",
    "kind": "city",
    "country": "Egypt",
    "pop": 420585,
    "z": 5.6
   },
   "geometry": {
    "type": "Point",
    "coordinates": [
     31.1799,
     27.19
    ]
   }
  },
  {
   "type": "Feature",
   "properties": {
    "name": "Kisangani",
    "kind": "city",
    "country": "Congo (Kinshasa)",
    "pop": 578470,
    "z": 5.6
   },
   "geometry": {
    "type": "Point",
    "coordinates": [
     25.22,
     0.52
    ]
   }
  },
  {
   "type": "Feature",
   "properties": {
    "name": "Assab",
    "kind": "city",
    "country": "Eritrea",
    "pop": 105496,
    "z": 5.6
   },
   "geometry": {
    "type": "Point",
    "coordinates": [
     42.73,
     13.01
    ]
   }
  },
  {
   "type": "Feature",
   "properties": {
    "name": "Shache",
    "kind": "city",
    "country": "China",
    "pop": 851374,
    "z": 5.6
   },
   "geometry": {
    "type": "Point",
    "coordinates": [
     77.25,
     38.4261
    ]
   }
  },
  {
   "type": "Feature",
   "properties": {
    "name": "Altay",
    "kind": "city",
    "country": "China",
    "pop": 142000,
    "z": 5.6
   },
   "geometry": {
    "type": "Point",
    "coordinates": [
     88.1166,
     47.8666
    ]
   }
  },
  {
   "type": "Feature",
   "properties": {
    "name": "Shizuishan",
    "kind": "city",
    "country": "China",
    "pop": 136570,
    "z": 5.6
   },
   "geometry": {
    "type": "Point",
    "coordinates": [
     106.769,
     39.2333
    ]
   }
  },
  {
   "type": "Feature",
   "properties": {
    "name": "Yulin",
    "kind": "city",
    "country": "China",
    "pop": 155960,
    "z": 5.6
   },
   "geometry": {
    "type": "Point",
    "coordinates": [
     109.7333,
     38.2833
    ]
   }
  },
  {
   "type": "Feature",
   "properties": {
    "name": "Ankang",
    "kind": "city",
    "country": "China",
    "pop": 1100000,
    "z": 5.6
   },
   "geometry": {
    "type": "Point",
    "coordinates": [
     109.02,
     32.68
    ]
   }
  },
  {
   "type": "Feature",
   "properties": {
    "name": "Yueyang",
    "kind": "city",
    "country": "China",
    "pop": 826000,
    "z": 5.6
   },
   "geometry": {
    "type": "Point",
    "coordinates": [
     113.0981,
     29.382
    ]
   }
  },
  {
   "type": "Feature",
   "properties": {
    "name": "Hengyang",
    "kind": "city",
    "country": "China",
    "pop": 1016000,
    "z": 5.6
   },
   "geometry": {
    "type": "Point",
    "coordinates": [
     112.5881,
     26.882
    ]
   }
  },
  {
   "type": "Feature",
   "properties": {
    "name": "Mianyang",
    "kind": "city",
    "country": "China",
    "pop": 1396000,
    "z": 5.6
   },
   "geometry": {
    "type": "Point",
    "coordinates": [
     104.768,
     31.4719
    ]
   }
  },
  {
   "type": "Feature",
   "properties": {
    "name": "Baoshan",
    "kind": "city",
    "country": "China",
    "pop": 1000000,
    "z": 5.6
   },
   "geometry": {
    "type": "Point",
    "coordinates": [
     99.15,
     25.12
    ]
   }
  },
  {
   "type": "Feature",
   "properties": {
    "name": "Shijiazhuang",
    "kind": "city",
    "country": "China",
    "pop": 2417000,
    "z": 5.6
   },
   "geometry": {
    "type": "Point",
    "coordinates": [
     114.478,
     38.052
    ]
   }
  },
  {
   "type": "Feature",
   "properties": {
    "name": "Anshan",
    "kind": "city",
    "country": "China",
    "pop": 1639000,
    "z": 5.6
   },
   "geometry": {
    "type": "Point",
    "coordinates": [
     122.9381,
     41.117
    ]
   }
  },
  {
   "type": "Feature",
   "properties": {
    "name": "Linyi",
    "kind": "city",
    "country": "China",
    "pop": 2082000,
    "z": 5.6
   },
   "geometry": {
    "type": "Point",
    "coordinates": [
     118.328,
     35.0819
    ]
   }
  },
  {
   "type": "Feature",
   "properties": {
    "name": "Huaiyin",
    "kind": "city",
    "country": "China",
    "pop": 1264000,
    "z": 5.6
   },
   "geometry": {
    "type": "Point",
    "coordinates": [
     119.028,
     33.5819
    ]
   }
  },
  {
   "type": "Feature",
   "properties": {
    "name": "Fukuoka",
    "kind": "city",
    "country": "Japan",
    "pop": 2792000,
    "z": 5.6
   },
   "geometry": {
    "type": "Point",
    "coordinates": [
     130.4081,
     33.597
    ]
   }
  },
  {
   "type": "Feature",
   "properties": {
    "name": "Miyazaki",
    "kind": "city",
    "country": "Japan",
    "pop": 324384,
    "z": 5.6
   },
   "geometry": {
    "type": "Point",
    "coordinates": [
     131.4184,
     31.9182
    ]
   }
  },
  {
   "type": "Feature",
   "properties": {
    "name": "Kōchi",
    "kind": "city",
    "country": "Japan",
    "pop": 335570,
    "z": 5.6
   },
   "geometry": {
    "type": "Point",
    "coordinates": [
     133.5375,
     33.5624
    ]
   }
  },
  {
   "type": "Feature",
   "properties": {
    "name": "Gorontalo",
    "kind": "city",
    "country": "Indonesia",
    "pop": 365497,
    "z": 5.6
   },
   "geometry": {
    "type": "Point",
    "coordinates": [
     123.07,
     0.55
    ]
   }
  },
  {
   "type": "Feature",
   "properties": {
    "name": "Tongliao",
    "kind": "city",
    "country": "China",
    "pop": 884000,
    "z": 5.6
   },
   "geometry": {
    "type": "Point",
    "coordinates": [
     122.268,
     43.6219
    ]
   }
  },
  {
   "type": "Feature",
   "properties": {
    "name": "Chifeng",
    "kind": "city",
    "country": "China",
    "pop": 1277000,
    "z": 5.6
   },
   "geometry": {
    "type": "Point",
    "coordinates": [
     118.948,
     42.272
    ]
   }
  },
  {
   "type": "Feature",
   "properties": {
    "name": "Ulan Hot",
    "kind": "city",
    "country": "China",
    "pop": 241894,
    "z": 5.6
   },
   "geometry": {
    "type": "Point",
    "coordinates": [
     122.08,
     46.08
    ]
   }
  },
  {
   "type": "Feature",
   "properties": {
    "name": "Hailar",
    "kind": "city",
    "country": "China",
    "pop": 231171,
    "z": 5.6
   },
   "geometry": {
    "type": "Point",
    "coordinates": [
     119.7,
     49.2
    ]
   }
  },
  {
   "type": "Feature",
   "properties": {
    "name": "Bei'an",
    "kind": "city",
    "country": "China",
    "pop": 154936,
    "z": 5.6
   },
   "geometry": {
    "type": "Point",
    "coordinates": [
     126.482,
     48.239
    ]
   }
  },
  {
   "type": "Feature",
   "properties": {
    "name": "Jixi",
    "kind": "city",
    "country": "China",
    "pop": 965000,
    "z": 5.6
   },
   "geometry": {
    "type": "Point",
    "coordinates": [
     130.9681,
     45.3019
    ]
   }
  },
  {
   "type": "Feature",
   "properties": {
    "name": "Nagano",
    "kind": "city",
    "country": "Japan",
    "pop": 594311,
    "z": 5.6
   },
   "geometry": {
    "type": "Point",
    "coordinates": [
     138.17,
     36.65
    ]
   }
  },
  {
   "type": "Feature",
   "properties": {
    "name": "Hakodate",
    "kind": "city",
    "country": "Japan",
    "pop": 302984,
    "z": 5.6
   },
   "geometry": {
    "type": "Point",
    "coordinates": [
     140.74,
     41.795
    ]
   }
  },
  {
   "type": "Feature",
   "properties": {
    "name": "Sakata",
    "kind": "city",
    "country": "Japan",
    "pop": 100446,
    "z": 5.6
   },
   "geometry": {
    "type": "Point",
    "coordinates": [
     139.8501,
     38.92
    ]
   }
  },
  {
   "type": "Feature",
   "properties": {
    "name": "Bandundu",
    "kind": "city",
    "country": "Congo (Kinshasa)",
    "pop": 118211,
    "z": 5.6
   },
   "geometry": {
    "type": "Point",
    "coordinates": [
     17.38,
     -3.31
    ]
   }
  },
  {
   "type": "Feature",
   "properties": {
    "name": "Kananga",
    "kind": "city",
    "country": "Congo (Kinshasa)",
    "pop": 765000,
    "z": 5.6
   },
   "geometry": {
    "type": "Point",
    "coordinates": [
     22.3981,
     -5.8881
    ]
   }
  },
  {
   "type": "Feature",
   "properties": {
    "name": "Kasongo",
    "kind": "city",
    "country": "Congo (Kinshasa)",
    "pop": 63000,
    "z": 5.6
   },
   "geometry": {
    "type": "Point",
    "coordinates": [
     26.66,
     -4.45
    ]
   }
  },
  {
   "type": "Feature",
   "properties": {
    "name": "Mbuji-Mayi",
    "kind": "city",
    "country": "Congo (Kinshasa)",
    "pop": 1295000,
    "z": 5.6
   },
   "geometry": {
    "type": "Point",
    "coordinates": [
     23.5981,
     -6.1481
    ]
   }
  },
  {
   "type": "Feature",
   "properties": {
    "name": "Kalemie",
    "kind": "city",
    "country": "Congo (Kinshasa)",
    "pop": 206257,
    "z": 5.6
   },
   "geometry": {
    "type": "Point",
    "coordinates": [
     29.2,
     -5.9333
    ]
   }
  },
  {
   "type": "Feature",
   "properties": {
    "name": "Butembo",
    "kind": "city",
    "country": "Congo (Kinshasa)",
    "pop": 286403,
    "z": 5.6
   },
   "geometry": {
    "type": "Point",
    "coordinates": [
     29.28,
     0.13
    ]
   }
  },
  {
   "type": "Feature",
   "properties": {
    "name": "Mzuzu",
    "kind": "city",
    "country": "Malawi",
    "pop": 110201,
    "z": 5.6
   },
   "geometry": {
    "type": "Point",
    "coordinates": [
     34.02,
     -11.46
    ]
   }
  },
  {
   "type": "Feature",
   "properties": {
    "name": "Blantyre",
    "kind": "city",
    "country": "Malawi",
    "pop": 584877,
    "z": 5.6
   },
   "geometry": {
    "type": "Point",
    "coordinates": [
     34.9899,
     -15.79
    ]
   }
  },
  {
   "type": "Feature",
   "properties": {
    "name": "Quetzaltenango",
    "kind": "city",
    "country": "Guatemala",
    "pop": 575263,
    "z": 5.6
   },
   "geometry": {
    "type": "Point",
    "coordinates": [
     -91.52,
     14.83
    ]
   }
  },
  {
   "type": "Feature",
   "properties": {
    "name": "Faridabad",
    "kind": "city",
    "country": "India",
    "pop": 1394000,
    "z": 5.6
   },
   "geometry": {
    "type": "Point",
    "coordinates": [
     77.3147,
     28.4353
    ]
   }
  },
  {
   "type": "Feature",
   "properties": {
    "name": "Srinagar",
    "kind": "city",
    "country": "India",
    "pop": 1140000,
    "z": 5.6
   },
   "geometry": {
    "type": "Point",
    "coordinates": [
     74.8131,
     34.1019
    ]
   }
  },
  {
   "type": "Feature",
   "properties": {
    "name": "Vijayawada",
    "kind": "city",
    "country": "India",
    "pop": 1137000,
    "z": 5.6
   },
   "geometry": {
    "type": "Point",
    "coordinates": [
     80.6281,
     16.5219
    ]
   }
  },
  {
   "type": "Feature",
   "properties": {
    "name": "Thiruvananthapuram",
    "kind": "city",
    "country": "India",
    "pop": 954000,
    "z": 5.6
   },
   "geometry": {
    "type": "Point",
    "coordinates": [
     76.9481,
     8.5019
    ]
   }
  },
  {
   "type": "Feature",
   "properties": {
    "name": "Kochi",
    "kind": "city",
    "country": "India",
    "pop": 1519000,
    "z": 5.6
   },
   "geometry": {
    "type": "Point",
    "coordinates": [
     76.222,
     10.017
    ]
   }
  },
  {
   "type": "Feature",
   "properties": {
    "name": "Cuttack",
    "kind": "city",
    "country": "India",
    "pop": 580000,
    "z": 5.6
   },
   "geometry": {
    "type": "Point",
    "coordinates": [
     85.8899,
     20.47
    ]
   }
  },
  {
   "type": "Feature",
   "properties": {
    "name": "Hubballi",
    "kind": "city",
    "country": "India",
    "pop": 890000,
    "z": 5.6
   },
   "geometry": {
    "type": "Point",
    "coordinates": [
     75.1231,
     15.3619
    ]
   }
  },
  {
   "type": "Feature",
   "properties": {
    "name": "Mangaluru",
    "kind": "city",
    "country": "India",
    "pop": 776632,
    "z": 5.6
   },
   "geometry": {
    "type": "Point",
    "coordinates": [
     74.85,
     12.9
    ]
   }
  },
  {
   "type": "Feature",
   "properties": {
    "name": "Mysuru",
    "kind": "city",
    "country": "India",
    "pop": 887000,
    "z": 5.6
   },
   "geometry": {
    "type": "Point",
    "coordinates": [
     76.6581,
     12.3119
    ]
   }
  },
  {
   "type": "Feature",
   "properties": {
    "name": "Kalaburagi",
    "kind": "city",
    "country": "India",
    "pop": 483615,
    "z": 5.6
   },
   "geometry": {
    "type": "Point",
    "coordinates": [
     76.82,
     17.35
    ]
   }
  },
  {
   "type": "Feature",
   "properties": {
    "name": "Nanded",
    "kind": "city",
    "country": "India",
    "pop": 623708,
    "z": 5.6
   },
   "geometry": {
    "type": "Point",
    "coordinates": [
     77.3,
     19.17
    ]
   }
  },
  {
   "type": "Feature",
   "properties": {
    "name": "Akola",
    "kind": "city",
    "country": "India",
    "pop": 503502,
    "z": 5.6
   },
   "geometry": {
    "type": "Point",
    "coordinates": [
     77.01,
     20.71
    ]
   }
  },
  {
   "type": "Feature",
   "properties": {
    "name": "Guwahati",
    "kind": "city",
    "country": "India",
    "pop": 983000,
    "z": 5.6
   },
   "geometry": {
    "type": "Point",
    "coordinates": [
     91.768,
     26.162
    ]
   }
  },
  {
   "type": "Feature",
   "properties": {
    "name": "Kayes",
    "kind": "city",
    "country": "Congo (Brazzaville)",
    "pop": 62521,
    "z": 5.6
   },
   "geometry": {
    "type": "Point",
    "coordinates": [
     13.28,
     -4.18
    ]
   }
  },
  {
   "type": "Feature",
   "properties": {
    "name": "Franceville",
    "kind": "city",
    "country": "Gabon",
    "pop": 42967,
    "z": 5.6
   },
   "geometry": {
    "type": "Point",
    "coordinates": [
     13.5833,
     -1.6333
    ]
   }
  },
  {
   "type": "Feature",
   "properties": {
    "name": "Coihaique",
    "kind": "city",
    "country": "Chile",
    "pop": 45787,
    "z": 5.6
   },
   "geometry": {
    "type": "Point",
    "coordinates": [
     -72.07,
     -45.57
    ]
   }
  },
  {
   "type": "Feature",
   "properties": {
    "name": "Arica",
    "kind": "city",
    "country": "Chile",
    "pop": 185999,
    "z": 5.6
   },
   "geometry": {
    "type": "Point",
    "coordinates": [
     -70.29,
     -18.5
    ]
   }
  },
  {
   "type": "Feature",
   "properties": {
    "name": "Copiapó",
    "kind": "city",
    "country": "Chile",
    "pop": 129280,
    "z": 5.6
   },
   "geometry": {
    "type": "Point",
    "coordinates": [
     -70.34,
     -27.36
    ]
   }
  },
  {
   "type": "Feature",
   "properties": {
    "name": "La Serena",
    "kind": "city",
    "country": "Chile",
    "pop": 154521,
    "z": 5.6
   },
   "geometry": {
    "type": "Point",
    "coordinates": [
     -71.25,
     -29.9
    ]
   }
  },
  {
   "type": "Feature",
   "properties": {
    "name": "Los Angeles",
    "kind": "city",
    "country": "Chile",
    "pop": 145239,
    "z": 5.6
   },
   "geometry": {
    "type": "Point",
    "coordinates": [
     -72.36,
     -37.46
    ]
   }
  },
  {
   "type": "Feature",
   "properties": {
    "name": "Qaanaaq",
    "kind": "city",
    "country": "Greenland",
    "pop": 616,
    "z": 5.6
   },
   "geometry": {
    "type": "Point",
    "coordinates": [
     -69.3322,
     77.4835
    ]
   }
  },
  {
   "type": "Feature",
   "properties": {
    "name": "Nouadhibou",
    "kind": "city",
    "country": "Mauritania",
    "pop": 86738,
    "z": 5.6
   },
   "geometry": {
    "type": "Point",
    "coordinates": [
     -17.056,
     20.9
    ]
   }
  },
  {
   "type": "Feature",
   "properties": {
    "name": "Kayes",
    "kind": "city",
    "country": "Mali",
    "pop": 77207,
    "z": 5.6
   },
   "geometry": {
    "type": "Point",
    "coordinates": [
     -11.44,
     14.45
    ]
   }
  },
  {
   "type": "Feature",
   "properties": {
    "name": "Ayoun el Atrous",
    "kind": "city",
    "country": "Mauritania",
    "pop": 1423,
    "z": 5.6
   },
   "geometry": {
    "type": "Point",
    "coordinates": [
     -9.6167,
     16.6666
    ]
   }
  },
  {
   "type": "Feature",
   "properties": {
    "name": "Ségou",
    "kind": "city",
    "country": "Mali",
    "pop": 122952,
    "z": 5.6
   },
   "geometry": {
    "type": "Point",
    "coordinates": [
     -6.26,
     13.44
    ]
   }
  },
  {
   "type": "Feature",
   "properties": {
    "name": "Al Jawf",
    "kind": "city",
    "country": "Libya",
    "pop": 24132,
    "z": 5.6
   },
   "geometry": {
    "type": "Point",
    "coordinates": [
     23.29,
     24.2
    ]
   }
  },
  {
   "type": "Feature",
   "properties": {
    "name": "Tmassa",
    "kind": "city",
    "country": "Libya",
    "pop": 500,
    "z": 5.6
   },
   "geometry": {
    "type": "Point",
    "coordinates": [
     15.8,
     26.3666
    ]
   }
  },
  {
   "type": "Feature",
   "properties": {
    "name": "Misrata",
    "kind": "city",
    "country": "Libya",
    "pop": 386120,
    "z": 5.6
   },
   "geometry": {
    "type": "Point",
    "coordinates": [
     15.1,
     32.38
    ]
   }
  },
  {
   "type": "Feature",
   "properties": {
    "name": "Zuwara",
    "kind": "city",
    "country": "Libya",
    "pop": 180310,
    "z": 5.6
   },
   "geometry": {
    "type": "Point",
    "coordinates": [
     12.0791,
     32.9344
    ]
   }
  },
  {
   "type": "Feature",
   "properties": {
    "name": "Mosul",
    "kind": "city",
    "country": "Iraq",
    "pop": 1316000,
    "z": 5.6
   },
   "geometry": {
    "type": "Point",
    "coordinates": [
     43.1431,
     36.3469
    ]
   }
  },
  {
   "type": "Feature",
   "properties": {
    "name": "Najaf",
    "kind": "city",
    "country": "Iraq",
    "pop": 665552,
    "z": 5.6
   },
   "geometry": {
    "type": "Point",
    "coordinates": [
     44.3354,
     32.0003
    ]
   }
  },
  {
   "type": "Feature",
   "properties": {
    "name": "Bahir Dar",
    "kind": "city",
    "country": "Ethiopia",
    "pop": 206748,
    "z": 5.6
   },
   "geometry": {
    "type": "Point",
    "coordinates": [
     37.3833,
     11.6001
    ]
   }
  },
  {
   "type": "Feature",
   "properties": {
    "name": "Mekele",
    "kind": "city",
    "country": "Ethiopia",
    "pop": 95856,
    "z": 5.6
   },
   "geometry": {
    "type": "Point",
    "coordinates": [
     39.47,
     13.5
    ]
   }
  },
  {
   "type": "Feature",
   "properties": {
    "name": "Dire Dawa",
    "kind": "city",
    "country": "Ethiopia",
    "pop": 252279,
    "z": 5.6
   },
   "geometry": {
    "type": "Point",
    "coordinates": [
     41.86,
     9.59
    ]
   }
  },
  {
   "type": "Feature",
   "properties": {
    "name": "Aqtobe",
    "kind": "city",
    "country": "Kazakhstan",
    "pop": 262457,
    "z": 5.6
   },
   "geometry": {
    "type": "Point",
    "coordinates": [
     57.17,
     50.28
    ]
   }
  },
  {
   "type": "Feature",
   "properties": {
    "name": "Rudniy",
    "kind": "city",
    "country": "Kazakhstan",
    "pop": 124000,
    "z": 5.6
   },
   "geometry": {
    "type": "Point",
    "coordinates": [
     63.13,
     52.9527
    ]
   }
  },
  {
   "type": "Feature",
   "properties": {
    "name": "Qyzylorda",
    "kind": "city",
    "country": "Kazakhstan",
    "pop": 300000,
    "z": 5.6
   },
   "geometry": {
    "type": "Point",
    "coordinates": [
     65.465,
     44.8
    ]
   }
  },
  {
   "type": "Feature",
   "properties": {
    "name": "Ekibastuz",
    "kind": "city",
    "country": "Kazakhstan",
    "pop": 127868,
    "z": 5.6
   },
   "geometry": {
    "type": "Point",
    "coordinates": [
     75.3199,
     51.73
    ]
   }
  },
  {
   "type": "Feature",
   "properties": {
    "name": "Pavlodar",
    "kind": "city",
    "country": "Kazakhstan",
    "pop": 329002,
    "z": 5.6
   },
   "geometry": {
    "type": "Point",
    "coordinates": [
     76.95,
     52.3
    ]
   }
  },
  {
   "type": "Feature",
   "properties": {
    "name": "Semey",
    "kind": "city",
    "country": "Kazakhstan",
    "pop": 311353,
    "z": 5.6
   },
   "geometry": {
    "type": "Point",
    "coordinates": [
     80.275,
     50.435
    ]
   }
  },
  {
   "type": "Feature",
   "properties": {
    "name": "Oskemen",
    "kind": "city",
    "country": "Kazakhstan",
    "pop": 319067,
    "z": 5.6
   },
   "geometry": {
    "type": "Point",
    "coordinates": [
     82.6149,
     49.99
    ]
   }
  },
  {
   "type": "Feature",
   "properties": {
    "name": "Yazd",
    "kind": "city",
    "country": "Iran",
    "pop": 477905,
    "z": 5.6
   },
   "geometry": {
    "type": "Point",
    "coordinates": [
     54.37,
     31.9201
    ]
   }
  },
  {
   "type": "Feature",
   "properties": {
    "name": "Bandar-e-Abbas",
    "kind": "city",
    "country": "Iran",
    "pop": 461499,
    "z": 5.6
   },
   "geometry": {
    "type": "Point",
    "coordinates": [
     56.2721,
     27.2041
    ]
   }
  },
  {
   "type": "Feature",
   "properties": {
    "name": "Hamadan",
    "kind": "city",
    "country": "Iran",
    "pop": 528256,
    "z": 5.6
   },
   "geometry": {
    "type": "Point",
    "coordinates": [
     48.515,
     34.796
    ]
   }
  },
  {
   "type": "Feature",
   "properties": {
    "name": "Ludhiana",
    "kind": "city",
    "country": "India",
    "pop": 1649000,
    "z": 5.6
   },
   "geometry": {
    "type": "Point",
    "coordinates": [
     75.8703,
     30.9297
    ]
   }
  },
  {
   "type": "Feature",
   "properties": {
    "name": "Kota",
    "kind": "city",
    "country": "India",
    "pop": 827000,
    "z": 5.6
   },
   "geometry": {
    "type": "Point",
    "coordinates": [
     75.8331,
     25.1819
    ]
   }
  },
  {
   "type": "Feature",
   "properties": {
    "name": "Jodhpur",
    "kind": "city",
    "country": "India",
    "pop": 995000,
    "z": 5.6
   },
   "geometry": {
    "type": "Point",
    "coordinates": [
     73.0148,
     26.2937
    ]
   }
  },
  {
   "type": "Feature",
   "properties": {
    "name": "Shymkent",
    "kind": "city",
    "country": "Kazakhstan",
    "pop": 465392,
    "z": 5.6
   },
   "geometry": {
    "type": "Point",
    "coordinates": [
     69.595,
     42.32
    ]
   }
  },
  {
   "type": "Feature",
   "properties": {
    "name": "Taraz",
    "kind": "city",
    "country": "Kazakhstan",
    "pop": 358153,
    "z": 5.6
   },
   "geometry": {
    "type": "Point",
    "coordinates": [
     71.365,
     42.9
    ]
   }
  },
  {
   "type": "Feature",
   "properties": {
    "name": "Lucknow",
    "kind": "city",
    "country": "India",
    "pop": 2695000,
    "z": 5.6
   },
   "geometry": {
    "type": "Point",
    "coordinates": [
     80.9131,
     26.857
    ]
   }
  },
  {
   "type": "Feature",
   "properties": {
    "name": "Saharanpur",
    "kind": "city",
    "country": "India",
    "pop": 484873,
    "z": 5.6
   },
   "geometry": {
    "type": "Point",
    "coordinates": [
     77.55,
     29.97
    ]
   }
  },
  {
   "type": "Feature",
   "properties": {
    "name": "Ranchi",
    "kind": "city",
    "country": "India",
    "pop": 1044000,
    "z": 5.6
   },
   "geometry": {
    "type": "Point",
    "coordinates": [
     85.3281,
     23.372
    ]
   }
  },
  {
   "type": "Feature",
   "properties": {
    "name": "Bhagalpur",
    "kind": "city",
    "country": "India",
    "pop": 361548,
    "z": 5.6
   },
   "geometry": {
    "type": "Point",
    "coordinates": [
     86.98,
     25.23
    ]
   }
  },
  {
   "type": "Feature",
   "properties": {
    "name": "Raipur",
    "kind": "city",
    "country": "India",
    "pop": 875000,
    "z": 5.6
   },
   "geometry": {
    "type": "Point",
    "coordinates": [
     81.6331,
     21.2369
    ]
   }
  },
  {
   "type": "Feature",
   "properties": {
    "name": "Jabalpur",
    "kind": "city",
    "country": "India",
    "pop": 1285000,
    "z": 5.6
   },
   "geometry": {
    "type": "Point",
    "coordinates": [
     79.9531,
     23.177
    ]
   }
  },
  {
   "type": "Feature",
   "properties": {
    "name": "Indore",
    "kind": "city",
    "country": "India",
    "pop": 2026000,
    "z": 5.6
   },
   "geometry": {
    "type": "Point",
    "coordinates": [
     75.8631,
     22.717
    ]
   }
  },
  {
   "type": "Feature",
   "properties": {
    "name": "Salem",
    "kind": "city",
    "country": "India",
    "pop": 873000,
    "z": 5.6
   },
   "geometry": {
    "type": "Point",
    "coordinates": [
     78.1781,
     11.6719
    ]
   }
  },
  {
   "type": "Feature",
   "properties": {
    "name": "Tiruchirappalli",
    "kind": "city",
    "country": "India",
    "pop": 951000,
    "z": 5.6
   },
   "geometry": {
    "type": "Point",
    "coordinates": [
     78.688,
     10.8119
    ]
   }
  },
  {
   "type": "Feature",
   "properties": {
    "name": "Pointe-Noire",
    "kind": "city",
    "country": "Congo (Brazzaville)",
    "pop": 659084,
    "z": 5.6
   },
   "geometry": {
    "type": "Point",
    "coordinates": [
     11.88,
     -4.77
    ]
   }
  },
  {
   "type": "Feature",
   "properties": {
    "name": "Bouaké",
    "kind": "city",
    "country": "Ivory Coast",
    "pop": 567481,
    "z": 5.6
   },
   "geometry": {
    "type": "Point",
    "coordinates": [
     -5.03,
     7.69
    ]
   }
  },
  {
   "type": "Feature",
   "properties": {
    "name": "St.-Denis",
    "kind": "city",
    "country": "France",
    "pop": 190047,
    "z": 5.6
   },
   "geometry": {
    "type": "Point",
    "coordinates": [
     55.4481,
     -20.8789
    ]
   }
  },
  {
   "type": "Feature",
   "properties": {
    "name": "Rio Branco",
    "kind": "city",
    "country": "Brazil",
    "pop": 257642,
    "z": 5.6
   },
   "geometry": {
    "type": "Point",
    "coordinates": [
     -67.8,
     -9.9666
    ]
   }
  },
  {
   "type": "Feature",
   "properties": {
    "name": "São Luís",
    "kind": "city",
    "country": "Brazil",
    "pop": 1038000,
    "z": 5.6
   },
   "geometry": {
    "type": "Point",
    "coordinates": [
     -44.2679,
     -2.514
    ]
   }
  },
  {
   "type": "Feature",
   "properties": {
    "name": "Alvorada",
    "kind": "city",
    "country": "Brazil",
    "pop": 10232,
    "z": 5.6
   },
   "geometry": {
    "type": "Point",
    "coordinates": [
     -49.082,
     -12.47
    ]
   }
  },
  {
   "type": "Feature",
   "properties": {
    "name": "Corumbá",
    "kind": "city",
    "country": "Brazil",
    "pop": 96520,
    "z": 5.6
   },
   "geometry": {
    "type": "Point",
    "coordinates": [
     -57.65,
     -19.016
    ]
   }
  },
  {
   "type": "Feature",
   "properties": {
    "name": "Montes Claros",
    "kind": "city",
    "country": "Brazil",
    "pop": 332379,
    "z": 5.6
   },
   "geometry": {
    "type": "Point",
    "coordinates": [
     -43.86,
     -16.72
    ]
   }
  },
  {
   "type": "Feature",
   "properties": {
    "name": "Uberlândia",
    "kind": "city",
    "country": "Brazil",
    "pop": 563536,
    "z": 5.6
   },
   "geometry": {
    "type": "Point",
    "coordinates": [
     -48.28,
     -18.9
    ]
   }
  },
  {
   "type": "Feature",
   "properties": {
    "name": "Colíder",
    "kind": "city",
    "country": "Brazil",
    "pop": 27139,
    "z": 5.6
   },
   "geometry": {
    "type": "Point",
    "coordinates": [
     -55.4506,
     -10.8173
    ]
   }
  },
  {
   "type": "Feature",
   "properties": {
    "name": "Alta Floresta",
    "kind": "city",
    "country": "Brazil",
    "pop": 40466,
    "z": 5.6
   },
   "geometry": {
    "type": "Point",
    "coordinates": [
     -55.91,
     -9.9
    ]
   }
  },
  {
   "type": "Feature",
   "properties": {
    "name": "Pelotas",
    "kind": "city",
    "country": "Brazil",
    "pop": 320674,
    "z": 5.6
   },
   "geometry": {
    "type": "Point",
    "coordinates": [
     -52.33,
     -31.75
    ]
   }
  },
  {
   "type": "Feature",
   "properties": {
    "name": "Caxias do Sul",
    "kind": "city",
    "country": "Brazil",
    "pop": 381270,
    "z": 5.6
   },
   "geometry": {
    "type": "Point",
    "coordinates": [
     -51.17,
     -29.18
    ]
   }
  },
  {
   "type": "Feature",
   "properties": {
    "name": "Ponta Grossa",
    "kind": "city",
    "country": "Brazil",
    "pop": 292177,
    "z": 5.6
   },
   "geometry": {
    "type": "Point",
    "coordinates": [
     -50.16,
     -25.09
    ]
   }
  },
  {
   "type": "Feature",
   "properties": {
    "name": "Teresina",
    "kind": "city",
    "country": "Brazil",
    "pop": 907000,
    "z": 5.6
   },
   "geometry": {
    "type": "Point",
    "coordinates": [
     -42.782,
     -5.0931
    ]
   }
  },
  {
   "type": "Feature",
   "properties": {
    "name": "Maceió",
    "kind": "city",
    "country": "Brazil",
    "pop": 1186000,
    "z": 5.6
   },
   "geometry": {
    "type": "Point",
    "coordinates": [
     -35.7319,
     -9.6181
    ]
   }
  },
  {
   "type": "Feature",
   "properties": {
    "name": "Vitória da Conquista",
    "kind": "city",
    "country": "Brazil",
    "pop": 308204,
    "z": 5.6
   },
   "geometry": {
    "type": "Point",
    "coordinates": [
     -40.84,
     -14.85
    ]
   }
  },
  {
   "type": "Feature",
   "properties": {
    "name": "Barreiras",
    "kind": "city",
    "country": "Brazil",
    "pop": 158292,
    "z": 5.6
   },
   "geometry": {
    "type": "Point",
    "coordinates": [
     -45,
     -12.14
    ]
   }
  },
  {
   "type": "Feature",
   "properties": {
    "name": "Vila Velha",
    "kind": "city",
    "country": "Brazil",
    "pop": 1209091,
    "z": 5.6
   },
   "geometry": {
    "type": "Point",
    "coordinates": [
     -40.318,
     -20.3676
    ]
   }
  },
  {
   "type": "Feature",
   "properties": {
    "name": "Natal",
    "kind": "city",
    "country": "Brazil",
    "pop": 1088000,
    "z": 5.6
   },
   "geometry": {
    "type": "Point",
    "coordinates": [
     -35.242,
     -5.7781
    ]
   }
  },
  {
   "type": "Feature",
   "properties": {
    "name": "Thompson",
    "kind": "city",
    "country": "Canada",
    "pop": 13727,
    "z": 5.6
   },
   "geometry": {
    "type": "Point",
    "coordinates": [
     -97.8666,
     55.7499
    ]
   }
  },
  {
   "type": "Feature",
   "properties": {
    "name": "Brandon",
    "kind": "city",
    "country": "Canada",
    "pop": 28418,
    "z": 5.6
   },
   "geometry": {
    "type": "Point",
    "coordinates": [
     -99.95,
     49.8333
    ]
   }
  },
  {
   "type": "Feature",
   "properties": {
    "name": "Fort McMurray",
    "kind": "city",
    "country": "Canada",
    "pop": 21863,
    "z": 5.6
   },
   "geometry": {
    "type": "Point",
    "coordinates": [
     -111.3833,
     56.7333
    ]
   }
  },
  {
   "type": "Feature",
   "properties": {
    "name": "Peace River",
    "kind": "city",
    "country": "Canada",
    "pop": 5340,
    "z": 5.6
   },
   "geometry": {
    "type": "Point",
    "coordinates": [
     -117.2833,
     56.2333
    ]
   }
  },
  {
   "type": "Feature",
   "properties": {
    "name": "Cambridge Bay",
    "kind": "city",
    "country": "Canada",
    "pop": 1477,
    "z": 5.6
   },
   "geometry": {
    "type": "Point",
    "coordinates": [
     -105.0333,
     69.117
    ]
   }
  },
  {
   "type": "Feature",
   "properties": {
    "name": "Kugluktuk",
    "kind": "city",
    "country": "Canada",
    "pop": 1302,
    "z": 5.6
   },
   "geometry": {
    "type": "Point",
    "coordinates": [
     -115.1253,
     67.7987
    ]
   }
  },
  {
   "type": "Feature",
   "properties": {
    "name": "Chesterfield Inlet",
    "kind": "city",
    "country": "Canada",
    "pop": 374,
    "z": 5.6
   },
   "geometry": {
    "type": "Point",
    "coordinates": [
     -90.7001,
     63.3383
    ]
   }
  },
  {
   "type": "Feature",
   "properties": {
    "name": "Arviat",
    "kind": "city",
    "country": "Canada",
    "pop": 1868,
    "z": 5.6
   },
   "geometry": {
    "type": "Point",
    "coordinates": [
     -94.0586,
     61.1086
    ]
   }
  },
  {
   "type": "Feature",
   "properties": {
    "name": "Taloyoak",
    "kind": "city",
    "country": "Canada",
    "pop": 774,
    "z": 5.6
   },
   "geometry": {
    "type": "Point",
    "coordinates": [
     -93.5333,
     69.5333
    ]
   }
  },
  {
   "type": "Feature",
   "properties": {
    "name": "Igloolik",
    "kind": "city",
    "country": "Canada",
    "pop": 1612,
    "z": 5.6
   },
   "geometry": {
    "type": "Point",
    "coordinates": [
     -81.7936,
     69.2565
    ]
   }
  },
  {
   "type": "Feature",
   "properties": {
    "name": "Timmins",
    "kind": "city",
    "country": "Canada",
    "pop": 34974,
    "z": 5.6
   },
   "geometry": {
    "type": "Point",
    "coordinates": [
     -81.3333,
     48.4666
    ]
   }
  },
  {
   "type": "Feature",
   "properties": {
    "name": "North Bay",
    "kind": "city",
    "country": "Canada",
    "pop": 50170,
    "z": 5.6
   },
   "geometry": {
    "type": "Point",
    "coordinates": [
     -79.45,
     46.3
    ]
   }
  },
  {
   "type": "Feature",
   "properties": {
    "name": "Kuujjuarapik",
    "kind": "city",
    "country": "Canada",
    "pop": 1243,
    "z": 5.6
   },
   "geometry": {
    "type": "Point",
    "coordinates": [
     -77.7658,
     55.2815
    ]
   }
  },
  {
   "type": "Feature",
   "properties": {
    "name": "Kuujjuaq",
    "kind": "city",
    "country": "Canada",
    "pop": 1273,
    "z": 5.6
   },
   "geometry": {
    "type": "Point",
    "coordinates": [
     -68.4,
     58.1
    ]
   }
  },
  {
   "type": "Feature",
   "properties": {
    "name": "Sydney",
    "kind": "city",
    "country": "Canada",
    "pop": 37538,
    "z": 5.6
   },
   "geometry": {
    "type": "Point",
    "coordinates": [
     -60.18,
     46.0661
    ]
   }
  },
  {
   "type": "Feature",
   "properties": {
    "name": "Labrador City",
    "kind": "city",
    "country": "Canada",
    "pop": 10313,
    "z": 5.6
   },
   "geometry": {
    "type": "Point",
    "coordinates": [
     -66.9159,
     52.9414
    ]
   }
  },
  {
   "type": "Feature",
   "properties": {
    "name": "Ebolowa",
    "kind": "city",
    "country": "Cameroon",
    "pop": 87875,
    "z": 5.6
   },
   "geometry": {
    "type": "Point",
    "coordinates": [
     11.15,
     2.9
    ]
   }
  },
  {
   "type": "Feature",
   "properties": {
    "name": "Bambari",
    "kind": "city",
    "country": "Central African Republic",
    "pop": 62098,
    "z": 5.6
   },
   "geometry": {
    "type": "Point",
    "coordinates": [
     20.6672,
     5.762
    ]
   }
  },
  {
   "type": "Feature",
   "properties": {
    "name": "El Calafate",
    "kind": "city",
    "country": "Argentina",
    "pop": 8000,
    "z": 5.6
   },
   "geometry": {
    "type": "Point",
    "coordinates": [
     -72.3,
     -50.3333
    ]
   }
  },
  {
   "type": "Feature",
   "properties": {
    "name": "San Juan",
    "kind": "city",
    "country": "Argentina",
    "pop": 447048,
    "z": 5.6
   },
   "geometry": {
    "type": "Point",
    "coordinates": [
     -68.52,
     -31.55
    ]
   }
  },
  {
   "type": "Feature",
   "properties": {
    "name": "Trinidad",
    "kind": "city",
    "country": "Bolivia",
    "pop": 84259,
    "z": 5.6
   },
   "geometry": {
    "type": "Point",
    "coordinates": [
     -64.9,
     -14.8334
    ]
   }
  },
  {
   "type": "Feature",
   "properties": {
    "name": "Bariloche",
    "kind": "city",
    "country": "Argentina",
    "pop": 95394,
    "z": 5.6
   },
   "geometry": {
    "type": "Point",
    "coordinates": [
     -71.3,
     -41.15
    ]
   }
  },
  {
   "type": "Feature",
   "properties": {
    "name": "Salta",
    "kind": "city",
    "country": "Argentina",
    "pop": 512686,
    "z": 5.6
   },
   "geometry": {
    "type": "Point",
    "coordinates": [
     -65.4166,
     -24.7834
    ]
   }
  },
  {
   "type": "Feature",
   "properties": {
    "name": "Tucumán",
    "kind": "city",
    "country": "Argentina",
    "pop": 830000,
    "z": 5.6
   },
   "geometry": {
    "type": "Point",
    "coordinates": [
     -65.2186,
     -26.8141
    ]
   }
  },
  {
   "type": "Feature",
   "properties": {
    "name": "Formosa",
    "kind": "city",
    "country": "Argentina",
    "pop": 221383,
    "z": 5.6
   },
   "geometry": {
    "type": "Point",
    "coordinates": [
     -58.1828,
     -26.1728
    ]
   }
  },
  {
   "type": "Feature",
   "properties": {
    "name": "Santa Fe",
    "kind": "city",
    "country": "Argentina",
    "pop": 489505,
    "z": 5.6
   },
   "geometry": {
    "type": "Point",
    "coordinates": [
     -60.69,
     -31.6239
    ]
   }
  },
  {
   "type": "Feature",
   "properties": {
    "name": "Campinas",
    "kind": "city",
    "country": "Brazil",
    "pop": 2791000,
    "z": 5.6
   },
   "geometry": {
    "type": "Point",
    "coordinates": [
     -47.102,
     -22.8981
    ]
   }
  },
  {
   "type": "Feature",
   "properties": {
    "name": "Sorocaba",
    "kind": "city",
    "country": "Brazil",
    "pop": 563281,
    "z": 5.6
   },
   "geometry": {
    "type": "Point",
    "coordinates": [
     -47.47,
     -23.49
    ]
   }
  },
  {
   "type": "Feature",
   "properties": {
    "name": "Ribeirão Preto",
    "kind": "city",
    "country": "Brazil",
    "pop": 551267,
    "z": 5.6
   },
   "geometry": {
    "type": "Point",
    "coordinates": [
     -47.83,
     -21.17
    ]
   }
  },
  {
   "type": "Feature",
   "properties": {
    "name": "Petrolina",
    "kind": "city",
    "country": "Brazil",
    "pop": 260985,
    "z": 5.6
   },
   "geometry": {
    "type": "Point",
    "coordinates": [
     -40.51,
     -9.38
    ]
   }
  },
  {
   "type": "Feature",
   "properties": {
    "name": "Bamenda",
    "kind": "city",
    "country": "Cameroon",
    "pop": 445299,
    "z": 5.6
   },
   "geometry": {
    "type": "Point",
    "coordinates": [
     10.15,
     5.96
    ]
   }
  },
  {
   "type": "Feature",
   "properties": {
    "name": "Garoua",
    "kind": "city",
    "country": "Cameroon",
    "pop": 436899,
    "z": 5.6
   },
   "geometry": {
    "type": "Point",
    "coordinates": [
     13.39,
     9.3
    ]
   }
  },
  {
   "type": "Feature",
   "properties": {
    "name": "Battambang",
    "kind": "city",
    "country": "Cambodia",
    "pop": 154773,
    "z": 5.6
   },
   "geometry": {
    "type": "Point",
    "coordinates": [
     103.2,
     13.1
    ]
   }
  },
  {
   "type": "Feature",
   "properties": {
    "name": "Siem Reap",
    "kind": "city",
    "country": "Cambodia",
    "pop": 109398,
    "z": 5.6
   },
   "geometry": {
    "type": "Point",
    "coordinates": [
     103.85,
     13.3666
    ]
   }
  },
  {
   "type": "Feature",
   "properties": {
    "name": "Malanje",
    "kind": "city",
    "country": "Angola",
    "pop": 125856,
    "z": 5.6
   },
   "geometry": {
    "type": "Point",
    "coordinates": [
     16.34,
     -9.54
    ]
   }
  },
  {
   "type": "Feature",
   "properties": {
    "name": "Benguela",
    "kind": "city",
    "country": "Angola",
    "pop": 151226,
    "z": 5.6
   },
   "geometry": {
    "type": "Point",
    "coordinates": [
     13.4072,
     -12.5783
    ]
   }
  },
  {
   "type": "Feature",
   "properties": {
    "name": "Lubango",
    "kind": "city",
    "country": "Angola",
    "pop": 125632,
    "z": 5.6
   },
   "geometry": {
    "type": "Point",
    "coordinates": [
     13.49,
     -14.91
    ]
   }
  },
  {
   "type": "Feature",
   "properties": {
    "name": "Moçâmedes",
    "kind": "city",
    "country": "Angola",
    "pop": 132900,
    "z": 5.6
   },
   "geometry": {
    "type": "Point",
    "coordinates": [
     12.16,
     -15.19
    ]
   }
  },
  {
   "type": "Feature",
   "properties": {
    "name": "Tarija",
    "kind": "city",
    "country": "Bolivia",
    "pop": 159269,
    "z": 5.6
   },
   "geometry": {
    "type": "Point",
    "coordinates": [
     -64.75,
     -21.5167
    ]
   }
  },
  {
   "type": "Feature",
   "properties": {
    "name": "Annaba",
    "kind": "city",
    "country": "Algeria",
    "pop": 503524,
    "z": 5.6
   },
   "geometry": {
    "type": "Point",
    "coordinates": [
     7.76,
     36.92
    ]
   }
  },
  {
   "type": "Feature",
   "properties": {
    "name": "Parakou",
    "kind": "city",
    "country": "Benin",
    "pop": 188853,
    "z": 5.6
   },
   "geometry": {
    "type": "Point",
    "coordinates": [
     2.62,
     9.34
    ]
   }
  },
  {
   "type": "Feature",
   "properties": {
    "name": "Constantine",
    "kind": "city",
    "country": "Algeria",
    "pop": 605179,
    "z": 5.6
   },
   "geometry": {
    "type": "Point",
    "coordinates": [
     6.5999,
     36.36
    ]
   }
  },
  {
   "type": "Feature",
   "properties": {
    "name": "Khulna",
    "kind": "city",
    "country": "Bangladesh",
    "pop": 1553000,
    "z": 5.6
   },
   "geometry": {
    "type": "Point",
    "coordinates": [
     89.5581,
     22.8419
    ]
   }
  },
  {
   "type": "Feature",
   "properties": {
    "name": "Francistown",
    "kind": "city",
    "country": "Botswana",
    "pop": 89979,
    "z": 5.6
   },
   "geometry": {
    "type": "Point",
    "coordinates": [
     27.5,
     -21.17
    ]
   }
  },
  {
   "type": "Feature",
   "properties": {
    "name": "Mahalapye",
    "kind": "city",
    "country": "Botswana",
    "pop": 50744,
    "z": 5.6
   },
   "geometry": {
    "type": "Point",
    "coordinates": [
     26.82,
     -23.1
    ]
   }
  },
  {
   "type": "Feature",
   "properties": {
    "name": "Serowe",
    "kind": "city",
    "country": "Botswana",
    "pop": 48573,
    "z": 5.6
   },
   "geometry": {
    "type": "Point",
    "coordinates": [
     26.71,
     -22.39
    ]
   }
  },
  {
   "type": "Feature",
   "properties": {
    "name": "Katherine",
    "kind": "city",
    "country": "Australia",
    "pop": 10141,
    "z": 5.6
   },
   "geometry": {
    "type": "Point",
    "coordinates": [
     132.2666,
     -14.4666
    ]
   }
  },
  {
   "type": "Feature",
   "properties": {
    "name": "Busselton",
    "kind": "city",
    "country": "Australia",
    "pop": 10214,
    "z": 5.6
   },
   "geometry": {
    "type": "Point",
    "coordinates": [
     115.3487,
     -33.6564
    ]
   }
  },
  {
   "type": "Feature",
   "properties": {
    "name": "Mandurah",
    "kind": "city",
    "country": "Australia",
    "pop": 73356,
    "z": 5.6
   },
   "geometry": {
    "type": "Point",
    "coordinates": [
     115.7471,
     -32.5235
    ]
   }
  },
  {
   "type": "Feature",
   "properties": {
    "name": "Karratha",
    "kind": "city",
    "country": "Australia",
    "pop": 16796,
    "z": 5.6
   },
   "geometry": {
    "type": "Point",
    "coordinates": [
     116.87,
     -20.7304
    ]
   }
  },
  {
   "type": "Feature",
   "properties": {
    "name": "Orange",
    "kind": "city",
    "country": "Australia",
    "pop": 39329,
    "z": 5.6
   },
   "geometry": {
    "type": "Point",
    "coordinates": [
     149.1,
     -33.28
    ]
   }
  },
  {
   "type": "Feature",
   "properties": {
    "name": "Armidale",
    "kind": "city",
    "country": "Australia",
    "pop": 22673,
    "z": 5.6
   },
   "geometry": {
    "type": "Point",
    "coordinates": [
     151.6675,
     -30.5123
    ]
   }
  },
  {
   "type": "Feature",
   "properties": {
    "name": "Port Lincoln",
    "kind": "city",
    "country": "Australia",
    "pop": 13630,
    "z": 5.6
   },
   "geometry": {
    "type": "Point",
    "coordinates": [
     135.8666,
     -34.7332
    ]
   }
  },
  {
   "type": "Feature",
   "properties": {
    "name": "Bendigo",
    "kind": "city",
    "country": "Australia",
    "pop": 81657,
    "z": 5.6
   },
   "geometry": {
    "type": "Point",
    "coordinates": [
     144.28,
     -36.76
    ]
   }
  },
  {
   "type": "Feature",
   "properties": {
    "name": "Wangaratta",
    "kind": "city",
    "country": "Australia",
    "pop": 14022,
    "z": 5.6
   },
   "geometry": {
    "type": "Point",
    "coordinates": [
     146.3,
     -36.36
    ]
   }
  },
  {
   "type": "Feature",
   "properties": {
    "name": "Rockhampton",
    "kind": "city",
    "country": "Australia",
    "pop": 65850,
    "z": 5.6
   },
   "geometry": {
    "type": "Point",
    "coordinates": [
     150.52,
     -23.3639
    ]
   }
  },
  {
   "type": "Feature",
   "properties": {
    "name": "Devonport",
    "kind": "city",
    "country": "Australia",
    "pop": 19317,
    "z": 5.6
   },
   "geometry": {
    "type": "Point",
    "coordinates": [
     146.3311,
     -41.1927
    ]
   }
  },
  {
   "type": "Feature",
   "properties": {
    "name": "Bobo Dioulasso",
    "kind": "city",
    "country": "Burkina Faso",
    "pop": 360106,
    "z": 5.6
   },
   "geometry": {
    "type": "Point",
    "coordinates": [
     -4.29,
     11.18
    ]
   }
  },
  {
   "type": "Feature",
   "properties": {
    "name": "Rajshahi",
    "kind": "city",
    "country": "Bangladesh",
    "pop": 810000,
    "z": 5.6
   },
   "geometry": {
    "type": "Point",
    "coordinates": [
     88.6031,
     24.3769
    ]
   }
  },
  {
   "type": "Feature",
   "properties": {
    "name": "Mandalay",
    "kind": "city",
    "country": "Myanmar",
    "pop": 1300000,
    "z": 5.6
   },
   "geometry": {
    "type": "Point",
    "coordinates": [
     96.0831,
     21.9719
    ]
   }
  },
  {
   "type": "Feature",
   "properties": {
    "name": "Sittwe",
    "kind": "city",
    "country": "Myanmar",
    "pop": 179032,
    "z": 5.6
   },
   "geometry": {
    "type": "Point",
    "coordinates": [
     92.88,
     20.14
    ]
   }
  },
  {
   "type": "Feature",
   "properties": {
    "name": "Pago Pago",
    "kind": "city",
    "country": "American Samoa",
    "pop": 12576,
    "z": 5.6
   },
   "geometry": {
    "type": "Point",
    "coordinates": [
     -170.7066,
     -14.2766
    ]
   }
  },
  {
   "type": "Feature",
   "properties": {
    "name": "Berbera",
    "kind": "city",
    "country": "Somaliland",
    "pop": 242344,
    "z": 5.6
   },
   "geometry": {
    "type": "Point",
    "coordinates": [
     45.0164,
     10.4355
    ]
   }
  },
  {
   "type": "Feature",
   "properties": {
    "name": "Gaza City",
    "kind": "city",
    "country": "Palestine",
    "pop": 505700,
    "z": 5.6
   },
   "geometry": {
    "type": "Point",
    "coordinates": [
     34.445,
     31.53
    ]
   }
  },
  {
   "type": "Feature",
   "properties": {
    "name": "Papeete",
    "kind": "city",
    "country": "French Polynesia",
    "pop": 131695,
    "z": 5.6
   },
   "geometry": {
    "type": "Point",
    "coordinates": [
     -149.5667,
     -17.5334
    ]
   }
  },
  {
   "type": "Feature",
   "properties": {
    "name": "Freeport",
    "kind": "city",
    "country": "The Bahamas",
    "pop": 25383,
    "z": 5.6
   },
   "geometry": {
    "type": "Point",
    "coordinates": [
     -78.7,
     26.5333
    ]
   }
  },
  {
   "type": "Feature",
   "properties": {
    "name": "Taichung",
    "kind": "city",
    "country": "Taiwan",
    "pop": 2629323,
    "z": 5.6
   },
   "geometry": {
    "type": "Point",
    "coordinates": [
     120.6817,
     24.1521
    ]
   }
  },
  {
   "type": "Feature",
   "properties": {
    "name": "Manukau",
    "kind": "city",
    "country": "New Zealand",
    "pop": 375600,
    "z": 5.6
   },
   "geometry": {
    "type": "Point",
    "coordinates": [
     174.885,
     -37
    ]
   }
  },
  {
   "type": "Feature",
   "properties": {
    "name": "Leh",
    "kind": "city",
    "country": "India",
    "pop": 30870,
    "z": 5.6
   },
   "geometry": {
    "type": "Point",
    "coordinates": [
     77.5723,
     34.1616
    ]
   }
  },
  {
   "type": "Feature",
   "properties": {
    "name": "Amaravati",
    "kind": "city",
    "country": "India",
    "pop": 5800000,
    "z": 5.6
   },
   "geometry": {
    "type": "Point",
    "coordinates": [
     80.5243,
     16.5337
    ]
   }
  },
  {
   "type": "Feature",
   "properties": {
    "name": "Dongguan",
    "kind": "city",
    "country": "China",
    "pop": 4528000,
    "z": 5.6
   },
   "geometry": {
    "type": "Point",
    "coordinates": [
     113.7428,
     23.0508
    ]
   }
  },
  {
   "type": "Feature",
   "properties": {
    "name": "Norfolk",
    "kind": "city",
    "country": "United States of America",
    "pop": 1047869,
    "z": 5.7
   },
   "geometry": {
    "type": "Point",
    "coordinates": [
     -76.28,
     36.85
    ]
   }
  },
  {
   "type": "Feature",
   "properties": {
    "name": "Turin",
    "kind": "city",
    "country": "Italy",
    "pop": 1652000,
    "z": 6
   },
   "geometry": {
    "type": "Point",
    "coordinates": [
     7.668,
     45.0723
    ]
   }
  },
  {
   "type": "Feature",
   "properties": {
    "name": "Lille",
    "kind": "city",
    "country": "France",
    "pop": 1044000,
    "z": 6
   },
   "geometry": {
    "type": "Point",
    "coordinates": [
     3.0781,
     50.6519
    ]
   }
  }
 ]
}
